START,52.414745,13.046652,0.000000,-1.000000,5.000000,1469106313907.227051,-1.000000,"Kiepenheuerallee",Follow,TableViewCellArrowStart,5,1469106316093.226074,GUINavigator
DIRECTION_SINGLE_PREPARE,52.414684,13.046970,0.000000,-1.000000,5.000000,1469106318229.491943,-1.000000,"Kiepenheuerallee",In 210 m,TableViewCellArrowKeepStraight,1,1469106318564.437988,GUINavigator
NEXT_DIRECTION,52.414669,13.047050,0.000000,-1.000000,5.000000,1469106319096.520020,-1.000000,"Kiepenheuerallee",In 200 m,TableViewCellArrowKeepStraight,1,1469106319217.317139,GUINavigator
NEXT_DIRECTION,52.414655,13.047131,0.000000,-1.000000,5.000000,1469106319723.532959,-1.000000,"Kiepenheuerallee",In 190 m,TableViewCellArrowKeepStraight,1,1469106319937.098877,GUINavigator
NEXT_DIRECTION,52.414647,13.047224,0.000000,-1.000000,5.000000,1469106320644.330078,-1.000000,"Kiepenheuerallee",In 190 m,TableViewCellArrowKeepStraight,1,1469106320729.912109,GUINavigator
NEXT_DIRECTION,52.414622,13.047296,0.000000,-1.000000,5.000000,1469106321390.948975,-1.000000,"Kiepenheuerallee",In 180 m,TableViewCellArrowKeepStraight,1,1469106321495.543945,GUINavigator
NEXT_DIRECTION,52.414597,13.047388,0.000000,-1.000000,5.000000,1469106322445.940918,-1.000000,"Kiepenheuerallee",In 180 m,TableViewCellArrowKeepStraight,1,1469106322508.904053,GUINavigator
NEXT_DIRECTION,52.414571,13.047479,0.000000,-1.000000,5.000000,1469106323377.933105,-1.000000,"Kiepenheuerallee",In 170 m,TableViewCellArrowKeepStraight,1,1469106323481.430176,GUINavigator
NEXT_DIRECTION,52.414550,13.047569,0.000000,-1.000000,5.000000,1469106324390.531006,-1.000000,"Kiepenheuerallee",In 160 m,TableViewCellArrowKeepStraight,1,1469106324466.355957,GUINavigator
NEXT_DIRECTION,52.414539,13.047667,0.000000,-1.000000,5.000000,1469106325370.028076,-1.000000,"Kiepenheuerallee",In 160 m,TableViewCellArrowKeepStraight,1,1469106325484.233887,GUINavigator
NEXT_DIRECTION,52.414524,13.047752,0.000000,-1.000000,5.000000,1469106326357.056152,-1.000000,"Kiepenheuerallee",In 150 m,TableViewCellArrowKeepStraight,1,1469106326416.936035,GUINavigator
NEXT_DIRECTION,52.414508,13.047829,0.000000,-1.000000,5.000000,1469106327400.152832,-1.000000,"Kiepenheuerallee",In 140 m,TableViewCellArrowKeepStraight,1,1469106327495.082764,GUINavigator
NEXT_DIRECTION,52.414493,13.047918,0.000000,-1.000000,5.000000,1469106328371.453125,-1.000000,"Kiepenheuerallee",In 140 m,TableViewCellArrowKeepStraight,1,1469106328441.810059,GUINavigator
NEXT_DIRECTION,52.414484,13.047992,0.000000,-1.000000,5.000000,1469106329358.583984,-1.000000,"Kiepenheuerallee",In 130 m,TableViewCellArrowKeepStraight,1,1469106329449.512939,GUINavigator
NEXT_DIRECTION,52.414470,13.048084,0.000000,-1.000000,5.000000,1469106330373.739014,-1.000000,"Kiepenheuerallee",In 130 m,TableViewCellArrowKeepStraight,1,1469106330451.962891,GUINavigator
NEXT_DIRECTION,52.414458,13.048169,0.000000,-1.000000,5.000000,1469106331373.825195,-1.000000,"Kiepenheuerallee",In 120 m,TableViewCellArrowKeepStraight,1,1469106331486.891113,GUINavigator
NEXT_DIRECTION,52.414443,13.048261,0.000000,-1.000000,5.000000,1469106332369.729004,-1.000000,"Kiepenheuerallee",In 120 m,TableViewCellArrowKeepStraight,1,1469106332445.363037,GUINavigator
NEXT_DIRECTION,52.414427,13.048350,0.000000,-1.000000,5.000000,1469106333390.592041,-1.000000,"Kiepenheuerallee",In 110 m,TableViewCellArrowKeepStraight,1,1469106333488.615967,GUINavigator
NEXT_DIRECTION,52.414419,13.048439,0.000000,-1.000000,5.000000,1469106334363.605957,-1.000000,"Kiepenheuerallee",In 100 m,TableViewCellArrowKeepStraight,1,1469106334433.417969,GUINavigator
NEXT_DIRECTION,52.414412,13.048514,0.000000,-1.000000,5.000000,1469106335387.593994,-1.000000,"Kiepenheuerallee",In 100 m,TableViewCellArrowKeepStraight,1,1469106335498.406982,GUINavigator
NEXT_DIRECTION,52.414385,13.048640,0.000000,-1.000000,5.000000,1469106336371.001953,-1.000000,"Kiepenheuerallee",In 90 m,TableViewCellArrowKeepStraight,1,1469106336444.927979,GUINavigator
NEXT_DIRECTION,52.414367,13.048753,0.000000,-1.000000,5.000000,1469106337388.004150,-1.000000,"Kiepenheuerallee",In 80 m,TableViewCellArrowKeepStraight,1,1469106337501.347900,GUINavigator
NEXT_DIRECTION,52.414353,13.048844,0.000000,-1.000000,5.000000,1469106338369.283936,-1.000000,"Kiepenheuerallee",In 70 m,TableViewCellArrowKeepStraight,1,1469106338438.924072,GUINavigator
NEXT_DIRECTION,52.414334,13.048940,0.000000,-1.000000,5.000000,1469106339359.493896,-1.000000,"Kiepenheuerallee",In 70 m,TableViewCellArrowKeepStraight,1,1469106339471.137939,GUINavigator
NEXT_DIRECTION,52.414321,13.049034,0.000000,-1.000000,5.000000,1469106340380.393066,-1.000000,"Kiepenheuerallee",In 60 m,TableViewCellArrowKeepStraight,1,1469106340444.438965,GUINavigator
NEXT_DIRECTION,52.414308,13.049122,0.000000,-1.000000,5.000000,1469106341376.510986,-1.000000,"Kiepenheuerallee",In 60 m,TableViewCellArrowKeepStraight,1,1469106341494.840088,GUINavigator
NEXT_DIRECTION,52.414290,13.049215,0.000000,-1.000000,5.000000,1469106342367.192871,-1.000000,"Kiepenheuerallee",In 50 m,TableViewCellArrowKeepStraight,1,1469106342437.302979,GUINavigator
NEXT_DIRECTION,52.414276,13.049309,0.000000,-1.000000,5.000000,1469106343390.198975,-1.000000,"Kiepenheuerallee",In 40 m,TableViewCellArrowKeepStraight,1,1469106343491.136963,GUINavigator
NEXT_DIRECTION,52.414263,13.049394,0.000000,-1.000000,5.000000,1469106344374.105957,-1.000000,"Kiepenheuerallee",In 40 m,TableViewCellArrowKeepStraight,1,1469106344439.694824,GUINavigator
NEXT_DIRECTION,52.414253,13.049470,0.000000,-1.000000,5.000000,1469106345363.259033,-1.000000,"Kiepenheuerallee",In 30 m,TableViewCellArrowKeepStraight,1,1469106345467.895020,GUINavigator
DIRECTION_SINGLE_PREPARE,52.414253,13.049470,0.000000,-1.000000,5.000000,1469106345363.259033,-1.000000,"Kiepenheuerallee",In 30 m,TableViewCellArrowKeepStraight,1,1469106345527.605957,GUINavigator
NEXT_DIRECTION,52.414248,13.049556,0.000000,-1.000000,5.000000,1469106346379.476074,-1.000000,"Kiepenheuerallee",In 30 m,TableViewCellArrowKeepStraight,1,1469106346447.286133,GUINavigator
NEXT_DIRECTION,52.414239,13.049643,0.000000,-1.000000,5.000000,1469106347381.155029,-1.000000,"Kiepenheuerallee",In 20 m,TableViewCellArrowKeepStraight,1,1469106347493.420166,GUINavigator
NEXT_DIRECTION,52.414222,13.049766,0.000000,-1.000000,5.000000,1469106348376.926025,-1.000000,"Kiepenheuerallee",In 10 m,TableViewCellArrowKeepStraight,1,1469106348456.517090,GUINavigator
DIRECTION_SINGLE_PREPARE,52.414222,13.049766,0.000000,-1.000000,5.000000,1469106348376.926025,-1.000000,"Kiepenheuerallee",In 10 m,TableViewCellArrowKeepStraight,1,1469106348531.775879,GUINavigator
NEXT_DIRECTION,52.414190,13.049890,0.000000,-1.000000,5.000000,1469106349407.872070,-1.000000,"Kiepenheuerallee",Now,TableViewCellArrowKeepStraight,1,1469106349508.882080,GUINavigator
NEXT_DIRECTION,52.414124,13.050397,0.000000,-1.000000,5.000000,1469106354366.404053,-1.000000,"Russische Kolonie",In 410 m,TableViewCellArrowKeepRight,9,1469106354487.734131,GUINavigator
NEXT_DIRECTION,52.414097,13.050478,0.000000,-1.000000,5.000000,1469106355384.942139,-1.000000,"Russische Kolonie",In 410 m,TableViewCellArrowKeepRight,9,1469106355462.631104,GUINavigator
NEXT_DIRECTION,52.414082,13.050583,0.000000,-1.000000,5.000000,1469106356375.036865,-1.000000,"Russische Kolonie",In 400 m,TableViewCellArrowKeepRight,9,1469106356490.450928,GUINavigator
NEXT_DIRECTION,52.414082,13.050672,0.000000,-1.000000,5.000000,1469106357376.282959,-1.000000,"Russische Kolonie",In 390 m,TableViewCellArrowKeepRight,9,1469106357454.221924,GUINavigator
NEXT_DIRECTION,52.414065,13.050756,0.000000,-1.000000,5.000000,1469106358367.487793,-1.000000,"Russische Kolonie",In 390 m,TableViewCellArrowKeepRight,9,1469106358480.802979,GUINavigator
NEXT_DIRECTION,52.414048,13.050848,0.000000,-1.000000,5.000000,1469106359361.324951,-1.000000,"Russische Kolonie",In 380 m,TableViewCellArrowKeepRight,9,1469106359441.086914,GUINavigator
NEXT_DIRECTION,52.414024,13.050925,0.000000,-1.000000,5.000000,1469106360379.335938,-1.000000,"Russische Kolonie",In 380 m,TableViewCellArrowKeepRight,9,1469106360484.887207,GUINavigator
NEXT_DIRECTION,52.413987,13.051001,0.000000,-1.000000,5.000000,1469106361367.820068,-1.000000,"Russische Kolonie",In 370 m,TableViewCellArrowKeepRight,9,1469106361444.449951,GUINavigator
NEXT_DIRECTION,52.413972,13.051094,0.000000,-1.000000,5.000000,1469106362375.601074,-1.000000,"Russische Kolonie",In 360 m,TableViewCellArrowKeepRight,9,1469106362485.239990,GUINavigator
NEXT_DIRECTION,52.413956,13.051177,0.000000,-1.000000,5.000000,1469106363361.979004,-1.000000,"Russische Kolonie",In 360 m,TableViewCellArrowKeepRight,9,1469106363436.156006,GUINavigator
NEXT_DIRECTION,52.413937,13.051273,0.000000,-1.000000,5.000000,1469106364369.882080,-1.000000,"Russische Kolonie",In 350 m,TableViewCellArrowKeepRight,9,1469106364491.468994,GUINavigator
NEXT_DIRECTION,52.413926,13.051351,0.000000,-1.000000,5.000000,1469106365367.038086,-1.000000,"Russische Kolonie",In 350 m,TableViewCellArrowKeepRight,9,1469106365441.164062,GUINavigator
NEXT_DIRECTION,52.413904,13.051456,0.000000,-1.000000,5.000000,1469106366382.364990,-1.000000,"Russische Kolonie",In 340 m,TableViewCellArrowKeepRight,9,1469106366491.415039,GUINavigator
NEXT_DIRECTION,52.413890,13.051545,0.000000,-1.000000,5.000000,1469106367365.242920,-1.000000,"Russische Kolonie",In 330 m,TableViewCellArrowKeepRight,9,1469106367440.686035,GUINavigator
NEXT_DIRECTION,52.413880,13.051630,0.000000,-1.000000,5.000000,1469106368380.958984,-1.000000,"Russische Kolonie",In 330 m,TableViewCellArrowKeepRight,9,1469106368509.447998,GUINavigator
NEXT_DIRECTION,52.413853,13.051765,0.000000,-1.000000,5.000000,1469106369374.191162,-1.000000,"Russische Kolonie",In 320 m,TableViewCellArrowKeepRight,9,1469106369451.795166,GUINavigator
NEXT_DIRECTION,52.413838,13.051846,0.000000,-1.000000,5.000000,1469106370373.034912,-1.000000,"Russische Kolonie",In 310 m,TableViewCellArrowKeepRight,9,1469106370475.724854,GUINavigator
NEXT_DIRECTION,52.413817,13.051924,0.000000,-1.000000,5.000000,1469106371373.063965,-1.000000,"Russische Kolonie",In 300 m,TableViewCellArrowKeepRight,9,1469106371443.500977,GUINavigator
NEXT_DIRECTION,52.413793,13.052025,0.000000,-1.000000,5.000000,1469106372372.950195,-1.000000,"Russische Kolonie",In 300 m,TableViewCellArrowKeepRight,9,1469106372479.408936,GUINavigator
NEXT_DIRECTION,52.413781,13.052132,0.000000,-1.000000,5.000000,1469106373364.584961,-1.000000,"Russische Kolonie",In 290 m,TableViewCellArrowKeepRight,9,1469106373447.218018,GUINavigator
NEXT_DIRECTION,52.413760,13.052231,0.000000,-1.000000,5.000000,1469106374364.700195,-1.000000,"Russische Kolonie",In 280 m,TableViewCellArrowKeepRight,9,1469106374474.504883,GUINavigator
NEXT_DIRECTION,52.413743,13.052327,0.000000,-1.000000,5.000000,1469106375366.077881,-1.000000,"Russische Kolonie",In 280 m,TableViewCellArrowKeepRight,9,1469106375448.237061,GUINavigator
NEXT_DIRECTION,52.413725,13.052416,0.000000,-1.000000,5.000000,1469106376363.780029,-1.000000,"Russische Kolonie",In 270 m,TableViewCellArrowKeepRight,9,1469106376480.226074,GUINavigator
NEXT_DIRECTION,52.413708,13.052491,0.000000,-1.000000,5.000000,1469106377397.792969,-1.000000,"Russische Kolonie",In 270 m,TableViewCellArrowKeepRight,9,1469106377473.335938,GUINavigator
NEXT_DIRECTION,52.413688,13.052586,0.000000,-1.000000,5.000000,1469106378373.960938,-1.000000,"Russische Kolonie",In 260 m,TableViewCellArrowKeepRight,9,1469106378490.312012,GUINavigator
NEXT_DIRECTION,52.413665,13.052677,0.000000,-1.000000,5.000000,1469106379373.204102,-1.000000,"Russische Kolonie",In 250 m,TableViewCellArrowKeepRight,9,1469106379446.964111,GUINavigator
NEXT_DIRECTION,52.413652,13.052764,0.000000,-1.000000,5.000000,1469106380375.464844,-1.000000,"Russische Kolonie",In 250 m,TableViewCellArrowKeepRight,9,1469106380483.386963,GUINavigator
NEXT_DIRECTION,52.413634,13.052841,0.000000,-1.000000,5.000000,1469106381367.799072,-1.000000,"Russische Kolonie",In 240 m,TableViewCellArrowKeepRight,9,1469106381447.916992,GUINavigator
NEXT_DIRECTION,52.413617,13.052921,0.000000,-1.000000,5.000000,1469106382365.076172,-1.000000,"Russische Kolonie",In 230 m,TableViewCellArrowKeepRight,9,1469106382486.291992,GUINavigator
NEXT_DIRECTION,52.413600,13.053024,0.000000,-1.000000,5.000000,1469106383367.187012,-1.000000,"Russische Kolonie",In 230 m,TableViewCellArrowKeepRight,9,1469106383453.781982,GUINavigator
NEXT_DIRECTION,52.413579,13.053149,0.000000,-1.000000,5.000000,1469106384425.220947,-1.000000,"Russische Kolonie",In 220 m,TableViewCellArrowKeepRight,9,1469106384524.177979,GUINavigator
NEXT_DIRECTION,52.413556,13.053242,0.000000,-1.000000,5.000000,1469106385375.821045,-1.000000,"Russische Kolonie",In 210 m,TableViewCellArrowKeepRight,9,1469106385444.052979,GUINavigator
NEXT_DIRECTION,52.413527,13.053332,0.000000,-1.000000,5.000000,1469106386371.687012,-1.000000,"Russische Kolonie",In 210 m,TableViewCellArrowKeepRight,9,1469106386481.551025,GUINavigator
NEXT_DIRECTION,52.413491,13.053430,0.000000,-1.000000,5.000000,1469106387371.666016,-1.000000,"Russische Kolonie",In 200 m,TableViewCellArrowKeepRight,9,1469106387442.960938,GUINavigator
NEXT_DIRECTION,52.413461,13.053512,0.000000,-1.000000,5.000000,1469106388368.410156,-1.000000,"Russische Kolonie",In 190 m,TableViewCellArrowKeepRight,9,1469106388476.325928,GUINavigator
NEXT_DIRECTION,52.413433,13.053609,0.000000,-1.000000,5.000000,1469106389369.477051,-1.000000,"Russische Kolonie",In 180 m,TableViewCellArrowKeepRight,9,1469106389441.032959,GUINavigator
NEXT_DIRECTION,52.413394,13.053711,0.000000,-1.000000,5.000000,1469106390390.935791,-1.000000,"Russische Kolonie",In 180 m,TableViewCellArrowKeepRight,9,1469106390496.568848,GUINavigator
NEXT_DIRECTION,52.413360,13.053810,0.000000,-1.000000,5.000000,1469106391371.516846,-1.000000,"Russische Kolonie",In 170 m,TableViewCellArrowKeepRight,9,1469106391448.140137,GUINavigator
NEXT_DIRECTION,52.413321,13.053904,0.000000,-1.000000,5.000000,1469106392430.557861,-1.000000,"Russische Kolonie",In 160 m,TableViewCellArrowKeepRight,9,1469106392542.722900,GUINavigator
NEXT_DIRECTION,52.413269,13.053994,0.000000,-1.000000,5.000000,1469106393352.567871,-1.000000,"Russische Kolonie",In 150 m,TableViewCellArrowKeepRight,9,1469106393429.570801,GUINavigator
NEXT_DIRECTION,52.413225,13.054080,0.000000,-1.000000,5.000000,1469106394390.468018,-1.000000,"Russische Kolonie",In 150 m,TableViewCellArrowKeepRight,9,1469106394500.781006,GUINavigator
NEXT_DIRECTION,52.413185,13.054174,0.000000,-1.000000,5.000000,1469106395370.240967,-1.000000,"Russische Kolonie",In 140 m,TableViewCellArrowKeepRight,9,1469106395451.024170,GUINavigator
NEXT_DIRECTION,52.413138,13.054244,0.000000,-1.000000,5.000000,1469106396370.909912,-1.000000,"Russische Kolonie",In 130 m,TableViewCellArrowKeepRight,9,1469106396481.540039,GUINavigator
NEXT_DIRECTION,52.413095,13.054327,0.000000,-1.000000,5.000000,1469106397373.378906,-1.000000,"Russische Kolonie",In 120 m,TableViewCellArrowKeepRight,9,1469106397442.225830,GUINavigator
NEXT_DIRECTION,52.413064,13.054395,0.000000,-1.000000,5.000000,1469106398377.309082,-1.000000,"Russische Kolonie",In 120 m,TableViewCellArrowKeepRight,9,1469106398494.161133,GUINavigator
NEXT_DIRECTION,52.413022,13.054463,0.000000,-1.000000,5.000000,1469106399376.632080,-1.000000,"Russische Kolonie",In 110 m,TableViewCellArrowKeepRight,9,1469106399436.048096,GUINavigator
NEXT_DIRECTION,52.412970,13.054590,0.000000,-1.000000,5.000000,1469106400372.772949,-1.000000,"Russische Kolonie",In 100 m,TableViewCellArrowKeepRight,9,1469106400501.312988,GUINavigator
NEXT_DIRECTION,52.412927,13.054677,0.000000,-1.000000,5.000000,1469106401367.723877,-1.000000,"Russische Kolonie",In 90 m,TableViewCellArrowKeepRight,9,1469106401434.846924,GUINavigator
NEXT_DIRECTION,52.412888,13.054756,0.000000,-1.000000,5.000000,1469106402392.389160,-1.000000,"Russische Kolonie",In 90 m,TableViewCellArrowKeepRight,9,1469106402499.433105,GUINavigator
NEXT_DIRECTION,52.412824,13.054821,0.000000,-1.000000,5.000000,1469106403374.830078,-1.000000,"Russische Kolonie",In 80 m,TableViewCellArrowKeepRight,9,1469106403445.127930,GUINavigator
NEXT_DIRECTION,52.412783,13.054893,0.000000,-1.000000,5.000000,1469106404374.655029,-1.000000,"Russische Kolonie",In 70 m,TableViewCellArrowKeepRight,9,1469106404490.052002,GUINavigator
NEXT_DIRECTION,52.412745,13.054951,0.000000,-1.000000,5.000000,1469106405368.149902,-1.000000,"Russische Kolonie",In 70 m,TableViewCellArrowKeepRight,9,1469106405442.860107,GUINavigator
NEXT_DIRECTION,52.412730,13.055053,0.000000,-1.000000,5.000000,1469106406366.837891,-1.000000,"Russische Kolonie",In 60 m,TableViewCellArrowKeepRight,9,1469106406484.206055,GUINavigator
NEXT_DIRECTION,52.412701,13.055220,0.000000,-1.000000,5.000000,1469106407385.177979,-1.000000,"Russische Kolonie",In 50 m,TableViewCellArrowKeepRight,9,1469106407493.331055,GUINavigator
NEXT_DIRECTION,52.412691,13.055313,0.000000,-1.000000,5.000000,1469106408374.784912,-1.000000,"Russische Kolonie",In 40 m,TableViewCellArrowKeepRight,9,1469106408459.229004,GUINavigator
NEXT_DIRECTION,52.412682,13.055402,0.000000,-1.000000,5.000000,1469106409372.201904,-1.000000,"Russische Kolonie",In 40 m,TableViewCellArrowKeepRight,9,1469106409481.006104,GUINavigator
NEXT_DIRECTION,52.412692,13.055510,0.000000,-1.000000,5.000000,1469106410377.013916,-1.000000,"Russische Kolonie",In 30 m,TableViewCellArrowKeepRight,9,1469106410451.960938,GUINavigator
DIRECTION_SINGLE_PREPARE,52.412692,13.055510,0.000000,-1.000000,5.000000,1469106410377.013916,-1.000000,"Russische Kolonie",In 30 m,TableViewCellArrowKeepRight,9,1469106410519.520996,GUINavigator
NEXT_DIRECTION,52.412673,13.055608,0.000000,-1.000000,5.000000,1469106411382.998047,-1.000000,"Russische Kolonie",In 20 m,TableViewCellArrowKeepRight,9,1469106411501.518066,GUINavigator
NEXT_DIRECTION,52.412667,13.055746,0.000000,-1.000000,5.000000,1469106412373.009033,-1.000000,"Russische Kolonie",In 20 m,TableViewCellArrowKeepRight,9,1469106412445.873047,GUINavigator
DIRECTION_SINGLE_PREPARE,52.412667,13.055746,0.000000,-1.000000,5.000000,1469106412373.009033,-1.000000,"Russische Kolonie",In 20 m,TableViewCellArrowKeepRight,9,1469106412519.376953,GUINavigator
NEXT_DIRECTION,52.412640,13.055858,0.000000,-1.000000,5.000000,1469106413399.821045,-1.000000,"Russische Kolonie",In 10 m,TableViewCellArrowKeepRight,9,1469106413508.070068,GUINavigator
NEXT_DIRECTION,52.412506,13.056159,0.000000,-1.000000,5.000000,1469106417417.918945,-1.000000,"Friedrich-Ebert-Straße",In 390 m,TableViewCellArrowKeepStraight,1,1469106417516.357910,GUINavigator
NEXT_DIRECTION,52.412452,13.056180,0.000000,-1.000000,5.000000,1469106418371.526855,-1.000000,"Friedrich-Ebert-Straße",In 380 m,TableViewCellArrowKeepStraight,1,1469106418449.325195,GUINavigator
NEXT_DIRECTION,52.412400,13.056205,0.000000,-1.000000,5.000000,1469106419370.246826,-1.000000,"Friedrich-Ebert-Straße",In 370 m,TableViewCellArrowKeepStraight,1,1469106419491.416016,GUINavigator
NEXT_DIRECTION,52.412348,13.056227,0.000000,-1.000000,5.000000,1469106420366.545898,-1.000000,"Friedrich-Ebert-Straße",In 370 m,TableViewCellArrowKeepStraight,1,1469106420436.471924,GUINavigator
NEXT_DIRECTION,52.412296,13.056248,0.000000,-1.000000,5.000000,1469106421381.973145,-1.000000,"Friedrich-Ebert-Straße",In 360 m,TableViewCellArrowKeepStraight,1,1469106421518.707031,GUINavigator
NEXT_DIRECTION,52.412242,13.056266,0.000000,-1.000000,5.000000,1469106422362.194092,-1.000000,"Friedrich-Ebert-Straße",In 360 m,TableViewCellArrowKeepStraight,1,1469106422426.367920,GUINavigator
NEXT_DIRECTION,52.412189,13.056291,0.000000,-1.000000,5.000000,1469106423391.230957,-1.000000,"Friedrich-Ebert-Straße",In 350 m,TableViewCellArrowKeepStraight,1,1469106423511.511963,GUINavigator
NEXT_DIRECTION,52.412141,13.056318,0.000000,-1.000000,5.000000,1469106424358.737061,-1.000000,"Friedrich-Ebert-Straße",In 350 m,TableViewCellArrowKeepStraight,1,1469106424425.178955,GUINavigator
NEXT_DIRECTION,52.412090,13.056333,0.000000,-1.000000,5.000000,1469106425383.846924,-1.000000,"Friedrich-Ebert-Straße",In 340 m,TableViewCellArrowKeepStraight,1,1469106425494.039062,GUINavigator
NEXT_DIRECTION,52.412044,13.056359,0.000000,-1.000000,5.000000,1469106426370.564941,-1.000000,"Friedrich-Ebert-Straße",In 330 m,TableViewCellArrowKeepStraight,1,1469106426425.416992,GUINavigator
NEXT_DIRECTION,52.411985,13.056392,0.000000,-1.000000,5.000000,1469106427375.186035,-1.000000,"Friedrich-Ebert-Straße",In 330 m,TableViewCellArrowKeepStraight,1,1469106427472.288086,GUINavigator
NEXT_DIRECTION,52.411929,13.056419,0.000000,-1.000000,5.000000,1469106428367.577148,-1.000000,"Friedrich-Ebert-Straße",In 320 m,TableViewCellArrowKeepStraight,1,1469106428440.906006,GUINavigator
NEXT_DIRECTION,52.411883,13.056462,0.000000,-1.000000,5.000000,1469106429368.699951,-1.000000,"Friedrich-Ebert-Straße",In 310 m,TableViewCellArrowKeepStraight,1,1469106429484.236084,GUINavigator
NEXT_DIRECTION,52.411824,13.056486,0.000000,-1.000000,5.000000,1469106430367.135010,-1.000000,"Friedrich-Ebert-Straße",In 310 m,TableViewCellArrowKeepStraight,1,1469106430443.809082,GUINavigator
NEXT_DIRECTION,52.411771,13.056509,0.000000,-1.000000,5.000000,1469106431364.415039,-1.000000,"Friedrich-Ebert-Straße",In 300 m,TableViewCellArrowKeepStraight,1,1469106431468.427002,GUINavigator
NEXT_DIRECTION,52.411718,13.056528,0.000000,-1.000000,5.000000,1469106432360.507080,-1.000000,"Friedrich-Ebert-Straße",In 300 m,TableViewCellArrowKeepStraight,1,1469106432436.541992,GUINavigator
NEXT_DIRECTION,52.411667,13.056552,0.000000,-1.000000,5.000000,1469106433395.518066,-1.000000,"Friedrich-Ebert-Straße",In 290 m,TableViewCellArrowKeepStraight,1,1469106433496.052002,GUINavigator
NEXT_DIRECTION,52.411605,13.056579,0.000000,-1.000000,5.000000,1469106434364.846924,-1.000000,"Friedrich-Ebert-Straße",In 280 m,TableViewCellArrowKeepStraight,1,1469106434437.179199,GUINavigator
NEXT_DIRECTION,52.411550,13.056601,0.000000,-1.000000,5.000000,1469106435365.021973,-1.000000,"Friedrich-Ebert-Straße",In 280 m,TableViewCellArrowKeepStraight,1,1469106435469.272217,GUINavigator
NEXT_DIRECTION,52.411485,13.056642,0.000000,-1.000000,5.000000,1469106436366.962891,-1.000000,"Friedrich-Ebert-Straße",In 270 m,TableViewCellArrowKeepStraight,1,1469106436443.599854,GUINavigator
NEXT_DIRECTION,52.411422,13.056662,0.000000,-1.000000,5.000000,1469106437362.991943,-1.000000,"Friedrich-Ebert-Straße",In 260 m,TableViewCellArrowKeepStraight,1,1469106437468.047119,GUINavigator
NEXT_DIRECTION,52.411364,13.056692,0.000000,-1.000000,5.000000,1469106438366.343018,-1.000000,"Friedrich-Ebert-Straße",In 260 m,TableViewCellArrowKeepStraight,1,1469106438442.249023,GUINavigator
NEXT_DIRECTION,52.411316,13.056725,0.000000,-1.000000,5.000000,1469106439365.960205,-1.000000,"Friedrich-Ebert-Straße",In 250 m,TableViewCellArrowKeepStraight,1,1469106439465.372070,GUINavigator
NEXT_DIRECTION,52.411257,13.056770,0.000000,-1.000000,5.000000,1469106440365.967041,-1.000000,"Friedrich-Ebert-Straße",In 240 m,TableViewCellArrowKeepStraight,1,1469106440443.069092,GUINavigator
NEXT_DIRECTION,52.411201,13.056814,0.000000,-1.000000,5.000000,1469106441368.191895,-1.000000,"Friedrich-Ebert-Straße",In 240 m,TableViewCellArrowKeepStraight,1,1469106441473.106934,GUINavigator
NEXT_DIRECTION,52.411145,13.056843,0.000000,-1.000000,5.000000,1469106442367.263184,-1.000000,"Friedrich-Ebert-Straße",In 230 m,TableViewCellArrowKeepStraight,1,1469106442444.479004,GUINavigator
NEXT_DIRECTION,52.411098,13.056876,0.000000,-1.000000,5.000000,1469106443364.945801,-1.000000,"Friedrich-Ebert-Straße",In 220 m,TableViewCellArrowKeepStraight,1,1469106443466.974121,GUINavigator
NEXT_DIRECTION,52.411050,13.056893,0.000000,-1.000000,5.000000,1469106444368.647217,-1.000000,"Friedrich-Ebert-Straße",In 220 m,TableViewCellArrowKeepStraight,1,1469106444438.044922,GUINavigator
NEXT_DIRECTION,52.410987,13.056925,0.000000,-1.000000,5.000000,1469106445364.183838,-1.000000,"Friedrich-Ebert-Straße",In 210 m,TableViewCellArrowKeepStraight,1,1469106445478.389893,GUINavigator
NEXT_DIRECTION,52.410923,13.056937,0.000000,-1.000000,5.000000,1469106446375.187988,-1.000000,"Friedrich-Ebert-Straße",In 200 m,TableViewCellArrowKeepStraight,1,1469106446439.531982,GUINavigator
NEXT_DIRECTION,52.410851,13.056972,0.000000,-1.000000,5.000000,1469106447366.968994,-1.000000,"Friedrich-Ebert-Straße",In 200 m,TableViewCellArrowKeepStraight,1,1469106447475.685059,GUINavigator
NEXT_DIRECTION,52.410789,13.057002,0.000000,-1.000000,5.000000,1469106448370.289062,-1.000000,"Friedrich-Ebert-Straße",In 190 m,TableViewCellArrowKeepStraight,1,1469106448438.281982,GUINavigator
NEXT_DIRECTION,52.410716,13.057036,0.000000,-1.000000,5.000000,1469106449365.771973,-1.000000,"Friedrich-Ebert-Straße",In 180 m,TableViewCellArrowKeepStraight,1,1469106449473.219971,GUINavigator
NEXT_DIRECTION,52.410668,13.057056,0.000000,-1.000000,5.000000,1469106450362.399170,-1.000000,"Friedrich-Ebert-Straße",In 170 m,TableViewCellArrowKeepStraight,1,1469106450437.073975,GUINavigator
NEXT_DIRECTION,52.410601,13.057097,0.000000,-1.000000,5.000000,1469106451365.695068,-1.000000,"Friedrich-Ebert-Straße",In 170 m,TableViewCellArrowKeepStraight,1,1469106451481.092041,GUINavigator
NEXT_DIRECTION,52.410539,13.057148,0.000000,-1.000000,5.000000,1469106452364.618164,-1.000000,"Friedrich-Ebert-Straße",In 160 m,TableViewCellArrowKeepStraight,1,1469106452437.975830,GUINavigator
NEXT_DIRECTION,52.410482,13.057200,0.000000,-1.000000,5.000000,1469106453410.429932,-1.000000,"Friedrich-Ebert-Straße",In 150 m,TableViewCellArrowKeepStraight,1,1469106453508.220947,GUINavigator
NEXT_DIRECTION,52.410426,13.057248,0.000000,-1.000000,5.000000,1469106454364.474121,-1.000000,"Friedrich-Ebert-Straße",In 150 m,TableViewCellArrowKeepStraight,1,1469106454438.235107,GUINavigator
NEXT_DIRECTION,52.410359,13.057308,0.000000,-1.000000,5.000000,1469106455360.463135,-1.000000,"Friedrich-Ebert-Straße",In 140 m,TableViewCellArrowKeepStraight,1,1469106455462.819092,GUINavigator
NEXT_DIRECTION,52.410299,13.057352,0.000000,-1.000000,5.000000,1469106456379.651123,-1.000000,"Friedrich-Ebert-Straße",In 130 m,TableViewCellArrowKeepStraight,1,1469106456453.540039,GUINavigator
NEXT_DIRECTION,52.410240,13.057409,0.000000,-1.000000,5.000000,1469106457372.813965,-1.000000,"Friedrich-Ebert-Straße",In 120 m,TableViewCellArrowKeepStraight,1,1469106457478.528076,GUINavigator
NEXT_DIRECTION,52.410184,13.057459,0.000000,-1.000000,5.000000,1469106458370.460938,-1.000000,"Friedrich-Ebert-Straße",In 110 m,TableViewCellArrowKeepStraight,1,1469106458429.987061,GUINavigator
NEXT_DIRECTION,52.410126,13.057509,0.000000,-1.000000,5.000000,1469106459366.488037,-1.000000,"Friedrich-Ebert-Straße",In 110 m,TableViewCellArrowKeepStraight,1,1469106459486.956055,GUINavigator
NEXT_DIRECTION,52.410051,13.057548,0.000000,-1.000000,5.000000,1469106460365.632080,-1.000000,"Friedrich-Ebert-Straße",In 100 m,TableViewCellArrowKeepStraight,1,1469106460439.539062,GUINavigator
NEXT_DIRECTION,52.409988,13.057598,0.000000,-1.000000,5.000000,1469106461375.825928,-1.000000,"Friedrich-Ebert-Straße",In 90 m,TableViewCellArrowKeepStraight,1,1469106461475.668945,GUINavigator
NEXT_DIRECTION,52.409930,13.057669,0.000000,-1.000000,5.000000,1469106462364.578125,-1.000000,"Friedrich-Ebert-Straße",In 80 m,TableViewCellArrowKeepStraight,1,1469106462419.296143,GUINavigator
NEXT_DIRECTION,52.409877,13.057722,0.000000,-1.000000,5.000000,1469106463379.384033,-1.000000,"Friedrich-Ebert-Straße",In 80 m,TableViewCellArrowKeepStraight,1,1469106463494.328857,GUINavigator
NEXT_DIRECTION,52.409830,13.057769,0.000000,-1.000000,5.000000,1469106464368.989014,-1.000000,"Friedrich-Ebert-Straße",In 70 m,TableViewCellArrowKeepStraight,1,1469106464428.901855,GUINavigator
NEXT_DIRECTION,52.409759,13.057859,0.000000,-1.000000,5.000000,1469106465365.905029,-1.000000,"Friedrich-Ebert-Straße",In 60 m,TableViewCellArrowKeepStraight,1,1469106465480.613037,GUINavigator
NEXT_DIRECTION,52.409672,13.057960,0.000000,-1.000000,5.000000,1469106466368.245117,-1.000000,"Friedrich-Ebert-Straße",In 50 m,TableViewCellArrowKeepStraight,1,1469106466482.172119,GUINavigator
NEXT_DIRECTION,52.409609,13.058013,0.000000,-1.000000,5.000000,1469106467368.242920,-1.000000,"Friedrich-Ebert-Straße",In 40 m,TableViewCellArrowKeepStraight,1,1469106467438.648926,GUINavigator
NEXT_DIRECTION,52.409520,13.058083,0.000000,-1.000000,5.000000,1469106468367.801025,-1.000000,"Friedrich-Ebert-Straße",In 30 m,TableViewCellArrowKeepStraight,1,1469106468481.342041,GUINavigator
DIRECTION_SINGLE_PREPARE,52.409520,13.058083,0.000000,-1.000000,5.000000,1469106468367.801025,-1.000000,"Friedrich-Ebert-Straße",In 30 m,TableViewCellArrowKeepStraight,1,1469106468543.538086,GUINavigator
NEXT_DIRECTION,52.409418,13.058139,0.000000,-1.000000,5.000000,1469106469392.094238,-1.000000,"Friedrich-Ebert-Straße",In 20 m,TableViewCellArrowKeepStraight,1,1469106469495.810059,GUINavigator
NEXT_DIRECTION,52.409341,13.058191,0.000000,-1.000000,5.000000,1469106470373.729980,-1.000000,"Friedrich-Ebert-Straße",In 10 m,TableViewCellArrowKeepStraight,1,1469106470439.906006,GUINavigator
DIRECTION_SINGLE_PREPARE,52.409341,13.058191,0.000000,-1.000000,5.000000,1469106470373.729980,-1.000000,"Friedrich-Ebert-Straße",In 10 m,TableViewCellArrowKeepStraight,1,1469106470520.701904,GUINavigator
NEXT_DIRECTION,52.409274,13.058243,0.000000,-1.000000,5.000000,1469106471450.698730,-1.000000,"Friedrich-Ebert-Straße",Now,TableViewCellArrowKeepStraight,1,1469106471550.359131,GUINavigator
NEXT_DIRECTION,52.409040,13.058412,0.000000,-1.000000,5.000000,1469106475372.267090,-1.000000,"Path",In 600 m,TableViewCellArrowKeepStraight,1,1469106475477.469971,GUINavigator
NEXT_DIRECTION,52.408991,13.058456,0.000000,-1.000000,5.000000,1469106476373.610107,-1.000000,"Path",In 590 m,TableViewCellArrowKeepStraight,1,1469106476455.572021,GUINavigator
NEXT_DIRECTION,52.408923,13.058504,0.000000,-1.000000,5.000000,1469106477371.712891,-1.000000,"Path",In 580 m,TableViewCellArrowKeepStraight,1,1469106477477.539062,GUINavigator
NEXT_DIRECTION,52.408868,13.058518,0.000000,-1.000000,5.000000,1469106478364.327881,-1.000000,"Path",In 580 m,TableViewCellArrowKeepStraight,1,1469106478439.227051,GUINavigator
NEXT_DIRECTION,52.408788,13.058549,0.000000,-1.000000,5.000000,1469106479368.311035,-1.000000,"Path",In 570 m,TableViewCellArrowKeepStraight,1,1469106479472.391113,GUINavigator
NEXT_DIRECTION,52.408723,13.058570,0.000000,-1.000000,5.000000,1469106480360.224121,-1.000000,"Path",In 560 m,TableViewCellArrowKeepStraight,1,1469106480425.776855,GUINavigator
NEXT_DIRECTION,52.408640,13.058553,0.000000,-1.000000,5.000000,1469106481384.114990,-1.000000,"Path",In 550 m,TableViewCellArrowKeepStraight,1,1469106481513.605225,GUINavigator
NEXT_DIRECTION,52.408561,13.058541,0.000000,-1.000000,5.000000,1469106482372.253906,-1.000000,"Path",In 540 m,TableViewCellArrowKeepStraight,1,1469106482449.244141,GUINavigator
NEXT_DIRECTION,52.408492,13.058545,0.000000,-1.000000,5.000000,1469106483366.369873,-1.000000,"Path",In 540 m,TableViewCellArrowKeepStraight,1,1469106483458.800049,GUINavigator
NEXT_DIRECTION,52.408412,13.058523,0.000000,-1.000000,5.000000,1469106484367.614990,-1.000000,"Path",In 530 m,TableViewCellArrowKeepStraight,1,1469106484444.480957,GUINavigator
NEXT_DIRECTION,52.408338,13.058511,0.000000,-1.000000,5.000000,1469106485368.134033,-1.000000,"Path",In 520 m,TableViewCellArrowKeepStraight,1,1469106485484.731934,GUINavigator
NEXT_DIRECTION,52.408241,13.058489,0.000000,-1.000000,5.000000,1469106486365.788086,-1.000000,"Path",In 510 m,TableViewCellArrowKeepStraight,1,1469106486470.809082,GUINavigator
NEXT_DIRECTION,52.408165,13.058474,0.000000,-1.000000,5.000000,1469106487374.795898,-1.000000,"Path",In 500 m,TableViewCellArrowKeepStraight,1,1469106487439.084961,GUINavigator
NEXT_DIRECTION,52.408087,13.058478,0.000000,-1.000000,5.000000,1469106488367.258057,-1.000000,"Path",In 490 m,TableViewCellArrowKeepStraight,1,1469106488484.959229,GUINavigator
NEXT_DIRECTION,52.408013,13.058463,0.000000,-1.000000,5.000000,1469106489370.274170,-1.000000,"Path",In 480 m,TableViewCellArrowKeepStraight,1,1469106489433.762939,GUINavigator
NEXT_DIRECTION,52.407943,13.058442,0.000000,-1.000000,5.000000,1469106490380.022949,-1.000000,"Path",In 480 m,TableViewCellArrowKeepStraight,1,1469106490481.012939,GUINavigator
NEXT_DIRECTION,52.407863,13.058440,0.000000,-1.000000,5.000000,1469106491362.030029,-1.000000,"Path",In 470 m,TableViewCellArrowKeepStraight,1,1469106491417.014160,GUINavigator
NEXT_DIRECTION,52.407788,13.058428,0.000000,-1.000000,5.000000,1469106492378.306885,-1.000000,"Path",In 460 m,TableViewCellArrowKeepStraight,1,1469106492483.407959,GUINavigator
NEXT_DIRECTION,52.407719,13.058415,0.000000,-1.000000,5.000000,1469106493372.573730,-1.000000,"Path",In 450 m,TableViewCellArrowKeepStraight,1,1469106493442.730957,GUINavigator
NEXT_DIRECTION,52.407659,13.058418,0.000000,-1.000000,5.000000,1469106494395.672119,-1.000000,"Path",In 440 m,TableViewCellArrowKeepStraight,1,1469106494507.339111,GUINavigator
NEXT_DIRECTION,52.407600,13.058388,0.000000,-1.000000,5.000000,1469106495371.636963,-1.000000,"Path",In 440 m,TableViewCellArrowKeepStraight,1,1469106495442.802979,GUINavigator
NEXT_DIRECTION,52.407552,13.058389,0.000000,-1.000000,5.000000,1469106496360.093018,-1.000000,"Path",In 430 m,TableViewCellArrowKeepStraight,1,1469106496468.539062,GUINavigator
NEXT_DIRECTION,52.407496,13.058370,0.000000,-1.000000,5.000000,1469106497390.456055,-1.000000,"Path",In 430 m,TableViewCellArrowKeepStraight,1,1469106497452.134033,GUINavigator
NEXT_DIRECTION,52.407424,13.058353,0.000000,-1.000000,5.000000,1469106498366.385986,-1.000000,"Path",In 420 m,TableViewCellArrowKeepStraight,1,1469106498481.674072,GUINavigator
NEXT_DIRECTION,52.407339,13.058329,0.000000,-1.000000,5.000000,1469106499383.229980,-1.000000,"Path",In 410 m,TableViewCellArrowKeepStraight,1,1469106499453.134033,GUINavigator
NEXT_DIRECTION,52.407274,13.058306,0.000000,-1.000000,5.000000,1469106500370.271973,-1.000000,"Path",In 400 m,TableViewCellArrowKeepStraight,1,1469106500471.887207,GUINavigator
NEXT_DIRECTION,52.407190,13.058314,0.000000,-1.000000,5.000000,1469106501362.314941,-1.000000,"Path",In 390 m,TableViewCellArrowKeepStraight,1,1469106501439.512939,GUINavigator
NEXT_DIRECTION,52.407117,13.058305,0.000000,-1.000000,5.000000,1469106502362.749023,-1.000000,"Path",In 380 m,TableViewCellArrowKeepStraight,1,1469106502466.642822,GUINavigator
NEXT_DIRECTION,52.407024,13.058286,0.000000,-1.000000,5.000000,1469106503376.698975,-1.000000,"Path",In 370 m,TableViewCellArrowKeepStraight,1,1469106503497.758789,GUINavigator
NEXT_DIRECTION,52.406923,13.058302,0.000000,-1.000000,5.000000,1469106504370.306885,-1.000000,"Path",In 360 m,TableViewCellArrowKeepStraight,1,1469106504483.666992,GUINavigator
NEXT_DIRECTION,52.406858,13.058242,0.000000,-1.000000,5.000000,1469106505368.844971,-1.000000,"Path",In 350 m,TableViewCellArrowKeepStraight,1,1469106505437.693115,GUINavigator
NEXT_DIRECTION,52.406778,13.058251,0.000000,-1.000000,5.000000,1469106506368.689941,-1.000000,"Path",In 350 m,TableViewCellArrowKeepStraight,1,1469106506472.853027,GUINavigator
NEXT_DIRECTION,52.406703,13.058263,0.000000,-1.000000,5.000000,1469106507367.127930,-1.000000,"Path",In 340 m,TableViewCellArrowKeepStraight,1,1469106507439.360107,GUINavigator
NEXT_DIRECTION,52.406628,13.058252,0.000000,-1.000000,5.000000,1469106508368.371094,-1.000000,"Path",In 330 m,TableViewCellArrowKeepStraight,1,1469106508483.190918,GUINavigator
NEXT_DIRECTION,52.406554,13.058251,0.000000,-1.000000,5.000000,1469106509383.379883,-1.000000,"Path",In 320 m,TableViewCellArrowKeepStraight,1,1469106509451.633057,GUINavigator
NEXT_DIRECTION,52.406480,13.058253,0.000000,-1.000000,5.000000,1469106510370.388916,-1.000000,"Path",In 310 m,TableViewCellArrowKeepStraight,1,1469106510478.210938,GUINavigator
NEXT_DIRECTION,52.406420,13.058263,0.000000,-1.000000,5.000000,1469106511367.888916,-1.000000,"Path",In 310 m,TableViewCellArrowKeepStraight,1,1469106511441.231934,GUINavigator
NEXT_DIRECTION,52.406361,13.058265,0.000000,-1.000000,5.000000,1469106512371.563965,-1.000000,"Path",In 300 m,TableViewCellArrowKeepStraight,1,1469106512464.257080,GUINavigator
NEXT_DIRECTION,52.406298,13.058255,0.000000,-1.000000,5.000000,1469106513373.326172,-1.000000,"Path",In 290 m,TableViewCellArrowKeepStraight,1,1469106513431.694092,GUINavigator
NEXT_DIRECTION,52.406237,13.058245,0.000000,-1.000000,5.000000,1469106514370.713867,-1.000000,"Path",In 290 m,TableViewCellArrowKeepStraight,1,1469106514490.758789,GUINavigator
NEXT_DIRECTION,52.406178,13.058229,0.000000,-1.000000,5.000000,1469106515368.840820,-1.000000,"Path",In 280 m,TableViewCellArrowKeepStraight,1,1469106515443.707031,GUINavigator
NEXT_DIRECTION,52.406116,13.058215,0.000000,-1.000000,5.000000,1469106516367.436035,-1.000000,"Path",In 270 m,TableViewCellArrowKeepStraight,1,1469106516478.260986,GUINavigator
NEXT_DIRECTION,52.406037,13.058184,0.000000,-1.000000,5.000000,1469106517390.677002,-1.000000,"Path",In 260 m,TableViewCellArrowKeepStraight,1,1469106517467.612061,GUINavigator
NEXT_DIRECTION,52.405971,13.058166,0.000000,-1.000000,5.000000,1469106518377.302002,-1.000000,"Path",In 260 m,TableViewCellArrowKeepStraight,1,1469106518494.123047,GUINavigator
NEXT_DIRECTION,52.405897,13.058157,0.000000,-1.000000,5.000000,1469106519367.665039,-1.000000,"Path",In 250 m,TableViewCellArrowKeepStraight,1,1469106519446.546143,GUINavigator
NEXT_DIRECTION,52.405807,13.058195,0.000000,-1.000000,5.000000,1469106520373.662109,-1.000000,"Path",In 240 m,TableViewCellArrowKeepStraight,1,1469106520476.609863,GUINavigator
NEXT_DIRECTION,52.405744,13.058193,0.000000,-1.000000,5.000000,1469106521377.763916,-1.000000,"Path",In 230 m,TableViewCellArrowKeepStraight,1,1469106521463.727051,GUINavigator
NEXT_DIRECTION,52.405687,13.058203,0.000000,-1.000000,5.000000,1469106522367.357910,-1.000000,"Path",In 230 m,TableViewCellArrowKeepStraight,1,1469106522470.413086,GUINavigator
NEXT_DIRECTION,52.405618,13.058181,0.000000,-1.000000,5.000000,1469106523384.416992,-1.000000,"Path",In 220 m,TableViewCellArrowKeepStraight,1,1469106523454.798828,GUINavigator
NEXT_DIRECTION,52.405536,13.058155,0.000000,-1.000000,5.000000,1469106524372.492188,-1.000000,"Path",In 210 m,TableViewCellArrowKeepStraight,1,1469106524486.832031,GUINavigator
NEXT_DIRECTION,52.405471,13.058141,0.000000,-1.000000,5.000000,1469106525372.128906,-1.000000,"Path",In 200 m,TableViewCellArrowKeepStraight,1,1469106525441.134033,GUINavigator
NEXT_DIRECTION,52.405431,13.058105,0.000000,-1.000000,5.000000,1469106526373.331055,-1.000000,"Path",In 200 m,TableViewCellArrowKeepStraight,1,1469106526474.750977,GUINavigator
NEXT_DIRECTION,52.405385,13.058105,0.000000,-1.000000,5.000000,1469106527365.951172,-1.000000,"Path",In 190 m,TableViewCellArrowKeepStraight,1,1469106527444.738770,GUINavigator
NEXT_DIRECTION,52.405328,13.058096,0.000000,-1.000000,5.000000,1469106528362.572021,-1.000000,"Path",In 190 m,TableViewCellArrowKeepStraight,1,1469106528467.265137,GUINavigator
NEXT_DIRECTION,52.405269,13.058094,0.000000,-1.000000,5.000000,1469106529382.520020,-1.000000,"Path",In 180 m,TableViewCellArrowKeepStraight,1,1469106529451.663086,GUINavigator
NEXT_DIRECTION,52.405205,13.058064,0.000000,-1.000000,5.000000,1469106530373.361084,-1.000000,"Path",In 170 m,TableViewCellArrowKeepStraight,1,1469106530475.836914,GUINavigator
NEXT_DIRECTION,52.405146,13.058056,0.000000,-1.000000,5.000000,1469106531371.918945,-1.000000,"Path",In 170 m,TableViewCellArrowKeepStraight,1,1469106531436.897949,GUINavigator
NEXT_DIRECTION,52.405085,13.058053,0.000000,-1.000000,5.000000,1469106532372.129883,-1.000000,"Path",In 160 m,TableViewCellArrowKeepStraight,1,1469106532472.566162,GUINavigator
NEXT_DIRECTION,52.405021,13.058052,0.000000,-1.000000,5.000000,1469106533372.889160,-1.000000,"Path",In 150 m,TableViewCellArrowKeepStraight,1,1469106533441.138916,GUINavigator
NEXT_DIRECTION,52.404960,13.058045,0.000000,-1.000000,5.000000,1469106534371.763916,-1.000000,"Path",In 150 m,TableViewCellArrowKeepStraight,1,1469106534475.539062,GUINavigator
NEXT_DIRECTION,52.404912,13.058006,0.000000,-1.000000,5.000000,1469106535367.721191,-1.000000,"Path",In 140 m,TableViewCellArrowKeepStraight,1,1469106535438.088867,GUINavigator
NEXT_DIRECTION,52.404856,13.057994,0.000000,-1.000000,5.000000,1469106536383.574951,-1.000000,"Path",In 130 m,TableViewCellArrowKeepStraight,1,1469106536495.531982,GUINavigator
NEXT_DIRECTION,52.404784,13.057977,0.000000,-1.000000,5.000000,1469106537379.249023,-1.000000,"Path",In 130 m,TableViewCellArrowKeepStraight,1,1469106537447.297119,GUINavigator
NEXT_DIRECTION,52.404709,13.058036,0.000000,-1.000000,5.000000,1469106538376.302002,-1.000000,"Path",In 120 m,TableViewCellArrowKeepStraight,1,1469106538479.843262,GUINavigator
NEXT_DIRECTION,52.404628,13.058024,0.000000,-1.000000,5.000000,1469106539369.945068,-1.000000,"Path",In 110 m,TableViewCellArrowKeepStraight,1,1469106539433.008057,GUINavigator
NEXT_DIRECTION,52.404572,13.058021,0.000000,-1.000000,5.000000,1469106540372.381836,-1.000000,"Path",In 100 m,TableViewCellArrowKeepStraight,1,1469106540475.873047,GUINavigator
NEXT_DIRECTION,52.404519,13.058009,0.000000,-1.000000,5.000000,1469106541375.452881,-1.000000,"Path",In 100 m,TableViewCellArrowKeepStraight,1,1469106541441.954102,GUINavigator
NEXT_DIRECTION,52.404425,13.057965,0.000000,-1.000000,5.000000,1469106542372.461914,-1.000000,"Path",In 90 m,TableViewCellArrowKeepStraight,1,1469106542478.106934,GUINavigator
NEXT_DIRECTION,52.404357,13.057949,0.000000,-1.000000,5.000000,1469106543368.492188,-1.000000,"Path",In 80 m,TableViewCellArrowKeepStraight,1,1469106543438.755127,GUINavigator
NEXT_DIRECTION,52.404291,13.057936,0.000000,-1.000000,5.000000,1469106544372.037842,-1.000000,"Path",In 70 m,TableViewCellArrowKeepStraight,1,1469106544481.216064,GUINavigator
NEXT_DIRECTION,52.404240,13.057914,0.000000,-1.000000,5.000000,1469106545373.882080,-1.000000,"Path",In 70 m,TableViewCellArrowKeepStraight,1,1469106545442.885010,GUINavigator
NEXT_DIRECTION,52.404183,13.057900,0.000000,-1.000000,5.000000,1469106546372.004150,-1.000000,"Path",In 60 m,TableViewCellArrowKeepStraight,1,1469106546476.616943,GUINavigator
NEXT_DIRECTION,52.404132,13.057890,0.000000,-1.000000,5.000000,1469106547412.825195,-1.000000,"Path",In 50 m,TableViewCellArrowKeepStraight,1,1469106547483.396973,GUINavigator
NEXT_DIRECTION,52.404047,13.057866,0.000000,-1.000000,5.000000,1469106548374.150146,-1.000000,"Path",In 50 m,TableViewCellArrowKeepStraight,1,1469106548488.697021,GUINavigator
NEXT_DIRECTION,52.404001,13.057859,0.000000,-1.000000,5.000000,1469106549373.674805,-1.000000,"Path",In 40 m,TableViewCellArrowKeepStraight,1,1469106549443.690918,GUINavigator
NEXT_DIRECTION,52.403955,13.057858,0.000000,-1.000000,5.000000,1469106550369.954102,-1.000000,"Path",In 40 m,TableViewCellArrowKeepStraight,1,1469106550469.832031,GUINavigator
DIRECTION_SINGLE_PREPARE,52.403955,13.057858,0.000000,-1.000000,5.000000,1469106550369.954102,-1.000000,"Path",In 40 m,TableViewCellArrowKeepStraight,1,1469106550525.154053,GUINavigator
NEXT_DIRECTION,52.403889,13.057850,0.000000,-1.000000,5.000000,1469106551390.645996,-1.000000,"Path",In 30 m,TableViewCellArrowKeepStraight,1,1469106551457.526855,GUINavigator
NEXT_DIRECTION,52.403848,13.057817,0.000000,-1.000000,5.000000,1469106552387.339111,-1.000000,"Path",In 20 m,TableViewCellArrowKeepStraight,1,1469106552507.854004,GUINavigator
NEXT_DIRECTION,52.403771,13.057824,0.000000,-1.000000,5.000000,1469106553373.158936,-1.000000,"Path",In 10 m,TableViewCellArrowKeepStraight,1,1469106553450.334961,GUINavigator
DIRECTION_SINGLE_PREPARE,52.403771,13.057824,0.000000,-1.000000,5.000000,1469106553373.158936,-1.000000,"Path",In 10 m,TableViewCellArrowKeepStraight,1,1469106553526.751953,GUINavigator
NEXT_DIRECTION,52.403726,13.057822,0.000000,-1.000000,5.000000,1469106554377.515137,-1.000000,"Path",In 10 m,TableViewCellArrowKeepStraight,1,1469106554483.339111,GUINavigator
NEXT_DIRECTION,52.403678,13.057824,0.000000,-1.000000,5.000000,1469106555414.335938,-1.000000,"Path",Now,TableViewCellArrowKeepStraight,1,1469106555482.182129,GUINavigator
NEXT_DIRECTION,52.403359,13.057782,0.000000,-1.000000,5.000000,1469106559369.935059,-1.000000,"Friedrich-Ebert-Straße",Now,TableViewCellArrowKeepStraight,1,1469106559439.007080,GUINavigator
DIRECTION_SINGLE_PREPARE,52.403359,13.057782,0.000000,-1.000000,5.000000,1469106559369.935059,-1.000000,"Friedrich-Ebert-Straße",Now,TableViewCellArrowKeepStraight,1,1469106559514.742920,GUINavigator
NEXT_DIRECTION,52.403081,13.057858,0.000000,-1.000000,5.000000,1469106563372.263916,-1.000000,"Cycle Way",In 610 m,TableViewCellArrowKeepStraight,1,1469106563508.454102,GUINavigator
NEXT_DIRECTION,52.403029,13.057858,0.000000,-1.000000,5.000000,1469106564373.942871,-1.000000,"Cycle Way",In 600 m,TableViewCellArrowKeepStraight,1,1469106564441.510986,GUINavigator
NEXT_DIRECTION,52.402963,13.057860,0.000000,-1.000000,5.000000,1469106565372.534912,-1.000000,"Cycle Way",In 600 m,TableViewCellArrowKeepStraight,1,1469106565490.336914,GUINavigator
NEXT_DIRECTION,52.402911,13.057829,0.000000,-1.000000,5.000000,1469106566373.381104,-1.000000,"Cycle Way",In 590 m,TableViewCellArrowKeepStraight,1,1469106566431.310059,GUINavigator
NEXT_DIRECTION,52.402861,13.057817,0.000000,-1.000000,5.000000,1469106567375.162109,-1.000000,"Cycle Way",In 580 m,TableViewCellArrowKeepStraight,1,1469106567497.443848,GUINavigator
NEXT_DIRECTION,52.402801,13.057820,0.000000,-1.000000,5.000000,1469106568373.395020,-1.000000,"Cycle Way",In 580 m,TableViewCellArrowKeepStraight,1,1469106568438.624023,GUINavigator
NEXT_DIRECTION,52.402751,13.057819,0.000000,-1.000000,5.000000,1469106569372.829834,-1.000000,"Cycle Way",In 570 m,TableViewCellArrowKeepStraight,1,1469106569476.440918,GUINavigator
NEXT_DIRECTION,52.402671,13.057798,0.000000,-1.000000,5.000000,1469106570370.041016,-1.000000,"Cycle Way",In 560 m,TableViewCellArrowKeepStraight,1,1469106570443.976807,GUINavigator
NEXT_DIRECTION,52.402615,13.057757,0.000000,-1.000000,5.000000,1469106571367.292969,-1.000000,"Cycle Way",In 560 m,TableViewCellArrowKeepStraight,1,1469106571470.447998,GUINavigator
NEXT_DIRECTION,52.402566,13.057743,0.000000,-1.000000,5.000000,1469106572384.786133,-1.000000,"Cycle Way",In 550 m,TableViewCellArrowKeepStraight,1,1469106572452.247070,GUINavigator
NEXT_DIRECTION,52.402485,13.057830,0.000000,-1.000000,5.000000,1469106573374.000977,-1.000000,"Cycle Way",In 540 m,TableViewCellArrowKeepStraight,1,1469106573487.177979,GUINavigator
NEXT_DIRECTION,52.402403,13.057885,0.000000,-1.000000,5.000000,1469106574370.348877,-1.000000,"Cycle Way",In 540 m,TableViewCellArrowKeepStraight,1,1469106574441.216064,GUINavigator
NEXT_DIRECTION,52.402355,13.057828,0.000000,-1.000000,5.000000,1469106575367.609131,-1.000000,"Cycle Way",In 530 m,TableViewCellArrowKeepStraight,1,1469106575478.886963,GUINavigator
NEXT_DIRECTION,52.402305,13.057804,0.000000,-1.000000,5.000000,1469106576390.075928,-1.000000,"Cycle Way",In 520 m,TableViewCellArrowKeepStraight,1,1469106576461.410156,GUINavigator
NEXT_DIRECTION,52.402242,13.057827,0.000000,-1.000000,5.000000,1469106577381.716064,-1.000000,"Cycle Way",In 520 m,TableViewCellArrowKeepStraight,1,1469106577500.320068,GUINavigator
NEXT_DIRECTION,52.402192,13.057825,0.000000,-1.000000,5.000000,1469106578371.520020,-1.000000,"Cycle Way",In 510 m,TableViewCellArrowKeepStraight,1,1469106578448.229004,GUINavigator
NEXT_DIRECTION,52.402145,13.057814,0.000000,-1.000000,5.000000,1469106579366.467041,-1.000000,"Cycle Way",In 510 m,TableViewCellArrowKeepStraight,1,1469106579478.815918,GUINavigator
NEXT_DIRECTION,52.402093,13.057833,0.000000,-1.000000,5.000000,1469106580374.008057,-1.000000,"Cycle Way",In 500 m,TableViewCellArrowKeepStraight,1,1469106580438.715820,GUINavigator
NEXT_DIRECTION,52.402008,13.057790,0.000000,-1.000000,5.000000,1469106581368.712891,-1.000000,"Cycle Way",In 490 m,TableViewCellArrowKeepStraight,1,1469106581471.657959,GUINavigator
NEXT_DIRECTION,52.401919,13.057766,0.000000,-1.000000,5.000000,1469106582376.531006,-1.000000,"Cycle Way",In 480 m,TableViewCellArrowKeepStraight,1,1469106582480.729980,GUINavigator
NEXT_DIRECTION,52.401843,13.057736,0.000000,-1.000000,5.000000,1469106583373.188965,-1.000000,"Cycle Way",In 470 m,TableViewCellArrowKeepStraight,1,1469106583441.890869,GUINavigator
NEXT_DIRECTION,52.401793,13.057741,0.000000,-1.000000,5.000000,1469106584367.470947,-1.000000,"Cycle Way",In 470 m,TableViewCellArrowKeepStraight,1,1469106584495.595947,GUINavigator
NEXT_DIRECTION,52.401713,13.057733,0.000000,-1.000000,5.000000,1469106585369.216797,-1.000000,"Cycle Way",In 460 m,TableViewCellArrowKeepStraight,1,1469106585437.687012,GUINavigator
NEXT_DIRECTION,52.401629,13.057734,0.000000,-1.000000,5.000000,1469106586385.463867,-1.000000,"Cycle Way",In 450 m,TableViewCellArrowKeepStraight,1,1469106586519.441162,GUINavigator
NEXT_DIRECTION,52.401549,13.057733,0.000000,-1.000000,5.000000,1469106587366.720947,-1.000000,"Cycle Way",In 440 m,TableViewCellArrowKeepStraight,1,1469106587445.442871,GUINavigator
NEXT_DIRECTION,52.401462,13.057735,0.000000,-1.000000,5.000000,1469106588369.349121,-1.000000,"Cycle Way",In 430 m,TableViewCellArrowKeepStraight,1,1469106588482.322021,GUINavigator
NEXT_DIRECTION,52.401380,13.057739,0.000000,-1.000000,5.000000,1469106589369.501221,-1.000000,"Cycle Way",In 420 m,TableViewCellArrowKeepStraight,1,1469106589440.538818,GUINavigator
NEXT_DIRECTION,52.401296,13.057741,0.000000,-1.000000,5.000000,1469106590367.387939,-1.000000,"Cycle Way",In 410 m,TableViewCellArrowKeepStraight,1,1469106590472.368896,GUINavigator
NEXT_DIRECTION,52.401228,13.057747,0.000000,-1.000000,5.000000,1469106591392.084961,-1.000000,"Cycle Way",In 410 m,TableViewCellArrowKeepStraight,1,1469106591466.366943,GUINavigator
NEXT_DIRECTION,52.401157,13.057761,0.000000,-1.000000,5.000000,1469106592373.450928,-1.000000,"Cycle Way",In 400 m,TableViewCellArrowKeepStraight,1,1469106592483.373047,GUINavigator
NEXT_DIRECTION,52.401061,13.057780,0.000000,-1.000000,5.000000,1469106593374.166992,-1.000000,"Cycle Way",In 390 m,TableViewCellArrowKeepStraight,1,1469106593489.125000,GUINavigator
NEXT_DIRECTION,52.400942,13.057784,0.000000,-1.000000,5.000000,1469106594371.447021,-1.000000,"Cycle Way",In 370 m,TableViewCellArrowKeepStraight,1,1469106594472.904053,GUINavigator
NEXT_DIRECTION,52.400886,13.057778,0.000000,-1.000000,5.000000,1469106595377.369873,-1.000000,"Cycle Way",In 370 m,TableViewCellArrowKeepStraight,1,1469106595442.895020,GUINavigator
NEXT_DIRECTION,52.400822,13.057761,0.000000,-1.000000,5.000000,1469106596369.666016,-1.000000,"Cycle Way",In 360 m,TableViewCellArrowKeepStraight,1,1469106596494.676025,GUINavigator
NEXT_DIRECTION,52.400759,13.057772,0.000000,-1.000000,5.000000,1469106597369.941895,-1.000000,"Cycle Way",In 350 m,TableViewCellArrowKeepStraight,1,1469106597427.770996,GUINavigator
NEXT_DIRECTION,52.400705,13.057750,0.000000,-1.000000,5.000000,1469106598371.625000,-1.000000,"Cycle Way",In 350 m,TableViewCellArrowKeepStraight,1,1469106598478.760010,GUINavigator
NEXT_DIRECTION,52.400645,13.057745,0.000000,-1.000000,5.000000,1469106599369.343018,-1.000000,"Cycle Way",In 340 m,TableViewCellArrowKeepStraight,1,1469106599446.752930,GUINavigator
NEXT_DIRECTION,52.400583,13.057743,0.000000,-1.000000,5.000000,1469106600389.394043,-1.000000,"Cycle Way",In 330 m,TableViewCellArrowKeepStraight,1,1469106600507.073975,GUINavigator
NEXT_DIRECTION,52.400513,13.057732,0.000000,-1.000000,5.000000,1469106601371.464111,-1.000000,"Cycle Way",In 330 m,TableViewCellArrowKeepStraight,1,1469106601450.217041,GUINavigator
NEXT_DIRECTION,52.400454,13.057722,0.000000,-1.000000,5.000000,1469106602380.994141,-1.000000,"Cycle Way",In 320 m,TableViewCellArrowKeepStraight,1,1469106602480.344971,GUINavigator
NEXT_DIRECTION,52.400395,13.057712,0.000000,-1.000000,5.000000,1469106603368.382080,-1.000000,"Cycle Way",In 310 m,TableViewCellArrowKeepStraight,1,1469106603446.984131,GUINavigator
NEXT_DIRECTION,52.400351,13.057732,0.000000,-1.000000,5.000000,1469106604380.254883,-1.000000,"Cycle Way",In 310 m,TableViewCellArrowKeepStraight,1,1469106604510.864990,GUINavigator
NEXT_DIRECTION,52.400303,13.057713,0.000000,-1.000000,5.000000,1469106605373.981934,-1.000000,"Cycle Way",In 300 m,TableViewCellArrowKeepStraight,1,1469106605448.543945,GUINavigator
NEXT_DIRECTION,52.400256,13.057719,0.000000,-1.000000,5.000000,1469106606376.152100,-1.000000,"Cycle Way",In 300 m,TableViewCellArrowKeepStraight,1,1469106606480.396973,GUINavigator
NEXT_DIRECTION,52.400202,13.057714,0.000000,-1.000000,5.000000,1469106607373.531982,-1.000000,"Cycle Way",In 290 m,TableViewCellArrowKeepStraight,1,1469106607438.308105,GUINavigator
NEXT_DIRECTION,52.400157,13.057705,0.000000,-1.000000,5.000000,1469106608373.625977,-1.000000,"Cycle Way",In 290 m,TableViewCellArrowKeepStraight,1,1469106608486.393066,GUINavigator
NEXT_DIRECTION,52.400110,13.057696,0.000000,-1.000000,5.000000,1469106609376.805176,-1.000000,"Cycle Way",In 280 m,TableViewCellArrowKeepStraight,1,1469106609456.725098,GUINavigator
NEXT_DIRECTION,52.400016,13.057684,0.000000,-1.000000,5.000000,1469106610374.081055,-1.000000,"Cycle Way",In 270 m,TableViewCellArrowKeepStraight,1,1469106610489.966797,GUINavigator
NEXT_DIRECTION,52.399950,13.057675,0.000000,-1.000000,5.000000,1469106611381.088135,-1.000000,"Cycle Way",In 260 m,TableViewCellArrowKeepStraight,1,1469106611459.437988,GUINavigator
NEXT_DIRECTION,52.399883,13.057664,0.000000,-1.000000,5.000000,1469106612371.598877,-1.000000,"Cycle Way",In 260 m,TableViewCellArrowKeepStraight,1,1469106612489.952148,GUINavigator
NEXT_DIRECTION,52.399805,13.057660,0.000000,-1.000000,5.000000,1469106613386.672852,-1.000000,"Cycle Way",In 250 m,TableViewCellArrowKeepStraight,1,1469106613457.503174,GUINavigator
NEXT_DIRECTION,52.399740,13.057625,0.000000,-1.000000,5.000000,1469106614376.429199,-1.000000,"Cycle Way",In 240 m,TableViewCellArrowKeepStraight,1,1469106614491.419189,GUINavigator
NEXT_DIRECTION,52.399692,13.057636,0.000000,-1.000000,5.000000,1469106615375.349121,-1.000000,"Cycle Way",In 240 m,TableViewCellArrowKeepStraight,1,1469106615457.827148,GUINavigator
NEXT_DIRECTION,52.399626,13.057660,0.000000,-1.000000,5.000000,1469106616420.852051,-1.000000,"Cycle Way",In 230 m,TableViewCellArrowKeepStraight,1,1469106616516.566895,GUINavigator
NEXT_DIRECTION,52.399538,13.057688,0.000000,-1.000000,5.000000,1469106617373.525146,-1.000000,"Cycle Way",In 220 m,TableViewCellArrowKeepStraight,1,1469106617441.156982,GUINavigator
NEXT_DIRECTION,52.399434,13.057771,0.000000,-1.000000,5.000000,1469106618383.230957,-1.000000,"Cycle Way",In 210 m,TableViewCellArrowKeepStraight,1,1469106618501.768066,GUINavigator
NEXT_DIRECTION,52.399404,13.057863,0.000000,-1.000000,5.000000,1469106619373.704834,-1.000000,"Cycle Way",In 200 m,TableViewCellArrowKeepStraight,1,1469106619449.862061,GUINavigator
NEXT_DIRECTION,52.399339,13.057882,0.000000,-1.000000,5.000000,1469106620371.076172,-1.000000,"Cycle Way",In 200 m,TableViewCellArrowKeepStraight,1,1469106620464.322021,GUINavigator
NEXT_DIRECTION,52.399280,13.057898,0.000000,-1.000000,5.000000,1469106621393.042969,-1.000000,"Cycle Way",In 190 m,TableViewCellArrowKeepStraight,1,1469106621464.510010,GUINavigator
NEXT_DIRECTION,52.399220,13.057923,0.000000,-1.000000,5.000000,1469106622373.239014,-1.000000,"Cycle Way",In 180 m,TableViewCellArrowKeepStraight,1,1469106622481.894043,GUINavigator
NEXT_DIRECTION,52.399145,13.057927,0.000000,-1.000000,5.000000,1469106623377.208008,-1.000000,"Cycle Way",In 170 m,TableViewCellArrowKeepStraight,1,1469106623444.170898,GUINavigator
NEXT_DIRECTION,52.399094,13.057935,0.000000,-1.000000,5.000000,1469106624377.215820,-1.000000,"Cycle Way",In 170 m,TableViewCellArrowKeepStraight,1,1469106624489.376953,GUINavigator
NEXT_DIRECTION,52.399045,13.057940,0.000000,-1.000000,5.000000,1469106625374.074951,-1.000000,"Cycle Way",In 160 m,TableViewCellArrowKeepStraight,1,1469106625451.367920,GUINavigator
NEXT_DIRECTION,52.398977,13.057946,0.000000,-1.000000,5.000000,1469106626381.542969,-1.000000,"Cycle Way",In 160 m,TableViewCellArrowKeepStraight,1,1469106626507.981934,GUINavigator
NEXT_DIRECTION,52.398894,13.057963,0.000000,-1.000000,5.000000,1469106627368.102051,-1.000000,"Cycle Way",In 150 m,TableViewCellArrowKeepStraight,1,1469106627430.836914,GUINavigator
NEXT_DIRECTION,52.398859,13.057876,0.000000,-1.000000,5.000000,1469106628391.036133,-1.000000,"Cycle Way",In 140 m,TableViewCellArrowKeepStraight,1,1469106628491.101074,GUINavigator
NEXT_DIRECTION,52.398806,13.057849,0.000000,-1.000000,5.000000,1469106629383.204102,-1.000000,"Cycle Way",In 140 m,TableViewCellArrowKeepStraight,1,1469106629455.146973,GUINavigator
NEXT_DIRECTION,52.398761,13.057899,0.000000,-1.000000,5.000000,1469106630449.843994,-1.000000,"Cycle Way",In 130 m,TableViewCellArrowKeepStraight,1,1469106630556.941895,GUINavigator
NEXT_DIRECTION,52.398676,13.057864,0.000000,-1.000000,5.000000,1469106631373.104004,-1.000000,"Cycle Way",In 120 m,TableViewCellArrowKeepStraight,1,1469106631449.339844,GUINavigator
NEXT_DIRECTION,52.398622,13.057847,0.000000,-1.000000,5.000000,1469106632404.841064,-1.000000,"Cycle Way",In 120 m,TableViewCellArrowKeepStraight,1,1469106632505.754883,GUINavigator
NEXT_DIRECTION,52.398544,13.057857,0.000000,-1.000000,5.000000,1469106633382.437012,-1.000000,"Cycle Way",In 110 m,TableViewCellArrowKeepStraight,1,1469106633460.556152,GUINavigator
NEXT_DIRECTION,52.398493,13.057863,0.000000,-1.000000,5.000000,1469106634377.565918,-1.000000,"Cycle Way",In 100 m,TableViewCellArrowKeepStraight,1,1469106634491.121094,GUINavigator
NEXT_DIRECTION,52.398448,13.057875,0.000000,-1.000000,5.000000,1469106635369.813965,-1.000000,"Cycle Way",In 100 m,TableViewCellArrowKeepStraight,1,1469106635424.953857,GUINavigator
NEXT_DIRECTION,52.398395,13.057895,0.000000,-1.000000,5.000000,1469106636369.781982,-1.000000,"Cycle Way",In 90 m,TableViewCellArrowKeepStraight,1,1469106636463.046143,GUINavigator
NEXT_DIRECTION,52.398338,13.057904,0.000000,-1.000000,5.000000,1469106637392.290039,-1.000000,"Cycle Way",In 90 m,TableViewCellArrowKeepStraight,1,1469106637472.841064,GUINavigator
NEXT_DIRECTION,52.398282,13.057915,0.000000,-1.000000,5.000000,1469106638374.079834,-1.000000,"Cycle Way",In 80 m,TableViewCellArrowKeepStraight,1,1469106638474.179932,GUINavigator
NEXT_DIRECTION,52.398227,13.057930,0.000000,-1.000000,5.000000,1469106639368.774902,-1.000000,"Cycle Way",In 80 m,TableViewCellArrowKeepStraight,1,1469106639432.102051,GUINavigator
NEXT_DIRECTION,52.398182,13.057935,0.000000,-1.000000,5.000000,1469106640366.666016,-1.000000,"Cycle Way",In 70 m,TableViewCellArrowKeepStraight,1,1469106640484.014893,GUINavigator
NEXT_DIRECTION,52.398117,13.057944,0.000000,-1.000000,5.000000,1469106641391.381104,-1.000000,"Cycle Way",In 60 m,TableViewCellArrowKeepStraight,1,1469106641477.366943,GUINavigator
NEXT_DIRECTION,52.398032,13.057997,0.000000,-1.000000,5.000000,1469106642376.717041,-1.000000,"Cycle Way",In 50 m,TableViewCellArrowKeepStraight,1,1469106642484.504883,GUINavigator
NEXT_DIRECTION,52.397980,13.058028,0.000000,-1.000000,5.000000,1469106643391.572021,-1.000000,"Cycle Way",In 50 m,TableViewCellArrowKeepStraight,1,1469106643474.501221,GUINavigator
NEXT_DIRECTION,52.397931,13.058075,0.000000,-1.000000,5.000000,1469106644380.166016,-1.000000,"Cycle Way",In 40 m,TableViewCellArrowKeepStraight,1,1469106644482.456055,GUINavigator
NEXT_DIRECTION,52.397853,13.058075,0.000000,-1.000000,5.000000,1469106645377.768066,-1.000000,"Cycle Way",In 30 m,TableViewCellArrowKeepStraight,1,1469106645453.731934,GUINavigator
DIRECTION_SINGLE_PREPARE,52.397853,13.058075,0.000000,-1.000000,5.000000,1469106645377.768066,-1.000000,"Cycle Way",In 30 m,TableViewCellArrowKeepStraight,1,1469106645516.665039,GUINavigator
NEXT_DIRECTION,52.397784,13.058073,0.000000,-1.000000,5.000000,1469106646395.771973,-1.000000,"Cycle Way",In 20 m,TableViewCellArrowKeepStraight,1,1469106646504.893066,GUINavigator
NEXT_DIRECTION,52.397711,13.058076,0.000000,-1.000000,5.000000,1469106647385.182861,-1.000000,"Cycle Way",In 20 m,TableViewCellArrowKeepStraight,1,1469106647455.928955,GUINavigator
DIRECTION_SINGLE_PREPARE,52.397711,13.058076,0.000000,-1.000000,5.000000,1469106647385.182861,-1.000000,"Cycle Way",In 20 m,TableViewCellArrowKeepStraight,1,1469106647517.991943,GUINavigator
NEXT_DIRECTION,52.397637,13.058108,0.000000,-1.000000,5.000000,1469106648383.430908,-1.000000,"Cycle Way",In 10 m,TableViewCellArrowKeepStraight,1,1469106648499.325928,GUINavigator
NEXT_DIRECTION,52.397289,13.058183,0.000000,-1.000000,5.000000,1469106653404.137207,-1.000000,"Cycle Way",In 300 m,TableViewCellArrowKeepLeft,4,1469106653534.610107,GUINavigator
NEXT_DIRECTION,52.397221,13.058214,0.000000,-1.000000,5.000000,1469106654385.673096,-1.000000,"Cycle Way",In 290 m,TableViewCellArrowKeepLeft,4,1469106654455.750000,GUINavigator
NEXT_DIRECTION,52.397156,13.058247,0.000000,-1.000000,5.000000,1469106655377.676025,-1.000000,"Cycle Way",In 280 m,TableViewCellArrowKeepLeft,4,1469106655483.596924,GUINavigator
NEXT_DIRECTION,52.397099,13.058247,0.000000,-1.000000,5.000000,1469106656372.472900,-1.000000,"Cycle Way",In 270 m,TableViewCellArrowKeepLeft,4,1469106656446.820068,GUINavigator
NEXT_DIRECTION,52.397035,13.058263,0.000000,-1.000000,5.000000,1469106657412.503906,-1.000000,"Cycle Way",In 270 m,TableViewCellArrowKeepLeft,4,1469106657515.594971,GUINavigator
NEXT_DIRECTION,52.396991,13.058286,0.000000,-1.000000,5.000000,1469106658373.786865,-1.000000,"Cycle Way",In 260 m,TableViewCellArrowKeepLeft,4,1469106658442.667969,GUINavigator
NEXT_DIRECTION,52.396937,13.058305,0.000000,-1.000000,5.000000,1469106659428.083984,-1.000000,"Cycle Way",In 260 m,TableViewCellArrowKeepLeft,4,1469106659540.604004,GUINavigator
NEXT_DIRECTION,52.396874,13.058304,0.000000,-1.000000,5.000000,1469106660406.223145,-1.000000,"Cycle Way",In 250 m,TableViewCellArrowKeepLeft,4,1469106660475.243164,GUINavigator
NEXT_DIRECTION,52.396783,13.058349,0.000000,-1.000000,5.000000,1469106661449.581055,-1.000000,"Cycle Way",In 240 m,TableViewCellArrowKeepLeft,4,1469106661559.148926,GUINavigator
NEXT_DIRECTION,52.396737,13.058361,0.000000,-1.000000,5.000000,1469106662364.896973,-1.000000,"Cycle Way",In 230 m,TableViewCellArrowKeepLeft,4,1469106662430.202881,GUINavigator
NEXT_DIRECTION,52.396652,13.058258,0.000000,-1.000000,5.000000,1469106663365.793945,-1.000000,"Cycle Way",In 230 m,TableViewCellArrowKeepLeft,4,1469106663461.626953,GUINavigator
NEXT_DIRECTION,52.396583,13.058358,0.000000,-1.000000,5.000000,1469106664386.042969,-1.000000,"Cycle Way",In 220 m,TableViewCellArrowKeepLeft,4,1469106664491.020020,GUINavigator
NEXT_DIRECTION,52.396530,13.058388,0.000000,-1.000000,5.000000,1469106665379.917236,-1.000000,"Cycle Way",In 210 m,TableViewCellArrowKeepLeft,4,1469106665453.312012,GUINavigator
NEXT_DIRECTION,52.396469,13.058410,0.000000,-1.000000,5.000000,1469106666372.817139,-1.000000,"Cycle Way",In 210 m,TableViewCellArrowKeepLeft,4,1469106666482.139160,GUINavigator
NEXT_DIRECTION,52.396419,13.058458,0.000000,-1.000000,5.000000,1469106667372.974854,-1.000000,"Cycle Way",In 200 m,TableViewCellArrowKeepLeft,4,1469106667441.571045,GUINavigator
NEXT_DIRECTION,52.396367,13.058492,0.000000,-1.000000,5.000000,1469106668375.983887,-1.000000,"Cycle Way",In 190 m,TableViewCellArrowKeepLeft,4,1469106668480.324951,GUINavigator
NEXT_DIRECTION,52.396306,13.058505,0.000000,-1.000000,5.000000,1469106669396.469971,-1.000000,"Cycle Way",In 190 m,TableViewCellArrowKeepLeft,4,1469106669480.472168,GUINavigator
NEXT_DIRECTION,52.396244,13.058525,0.000000,-1.000000,5.000000,1469106670377.256836,-1.000000,"Cycle Way",In 180 m,TableViewCellArrowKeepLeft,4,1469106670484.019043,GUINavigator
NEXT_DIRECTION,52.396180,13.058558,0.000000,-1.000000,5.000000,1469106671369.582031,-1.000000,"Cycle Way",In 170 m,TableViewCellArrowKeepLeft,4,1469106671437.183838,GUINavigator
NEXT_DIRECTION,52.396117,13.058584,0.000000,-1.000000,5.000000,1469106672393.828857,-1.000000,"Cycle Way",In 170 m,TableViewCellArrowKeepLeft,4,1469106672495.217041,GUINavigator
NEXT_DIRECTION,52.396051,13.058618,0.000000,-1.000000,5.000000,1469106673375.310791,-1.000000,"Cycle Way",In 160 m,TableViewCellArrowKeepLeft,4,1469106673447.901855,GUINavigator
NEXT_DIRECTION,52.395990,13.058618,0.000000,-1.000000,5.000000,1469106674372.212891,-1.000000,"Cycle Way",In 150 m,TableViewCellArrowKeepLeft,4,1469106674506.690918,GUINavigator
NEXT_DIRECTION,52.395930,13.058637,0.000000,-1.000000,5.000000,1469106675373.992920,-1.000000,"Cycle Way",In 140 m,TableViewCellArrowKeepLeft,4,1469106675448.526855,GUINavigator
NEXT_DIRECTION,52.395883,13.058644,0.000000,-1.000000,5.000000,1469106676365.742920,-1.000000,"Cycle Way",In 140 m,TableViewCellArrowKeepLeft,4,1469106676485.914062,GUINavigator
NEXT_DIRECTION,52.395835,13.058679,0.000000,-1.000000,5.000000,1469106677383.374023,-1.000000,"Cycle Way",In 130 m,TableViewCellArrowKeepLeft,4,1469106677471.112061,GUINavigator
NEXT_DIRECTION,52.395775,13.058700,0.000000,-1.000000,5.000000,1469106678365.195068,-1.000000,"Cycle Way",In 130 m,TableViewCellArrowKeepLeft,4,1469106678471.784180,GUINavigator
NEXT_DIRECTION,52.395719,13.058719,0.000000,-1.000000,5.000000,1469106679390.228027,-1.000000,"Cycle Way",In 120 m,TableViewCellArrowKeepLeft,4,1469106679471.363037,GUINavigator
NEXT_DIRECTION,52.395674,13.058739,0.000000,-1.000000,5.000000,1469106680368.947021,-1.000000,"Cycle Way",In 120 m,TableViewCellArrowKeepLeft,4,1469106680473.470947,GUINavigator
NEXT_DIRECTION,52.395615,13.058767,0.000000,-1.000000,5.000000,1469106681367.975830,-1.000000,"Cycle Way",In 110 m,TableViewCellArrowKeepLeft,4,1469106681437.193848,GUINavigator
NEXT_DIRECTION,52.395566,13.058811,0.000000,-1.000000,5.000000,1469106682366.996094,-1.000000,"Cycle Way",In 110 m,TableViewCellArrowKeepLeft,4,1469106682463.145020,GUINavigator
NEXT_DIRECTION,52.395520,13.058860,0.000000,-1.000000,5.000000,1469106683373.234131,-1.000000,"Cycle Way",In 100 m,TableViewCellArrowKeepLeft,4,1469106683461.214111,GUINavigator
NEXT_DIRECTION,52.395473,13.058907,0.000000,-1.000000,5.000000,1469106684375.436035,-1.000000,"Cycle Way",In 90 m,TableViewCellArrowKeepLeft,4,1469106684481.302979,GUINavigator
NEXT_DIRECTION,52.395429,13.058941,0.000000,-1.000000,5.000000,1469106685447.225098,-1.000000,"Cycle Way",In 90 m,TableViewCellArrowKeepLeft,4,1469106685528.264893,GUINavigator
NEXT_DIRECTION,52.395388,13.058980,0.000000,-1.000000,5.000000,1469106686367.563965,-1.000000,"Cycle Way",In 80 m,TableViewCellArrowKeepLeft,4,1469106686482.922119,GUINavigator
NEXT_DIRECTION,52.395331,13.059025,0.000000,-1.000000,5.000000,1469106687365.795166,-1.000000,"Cycle Way",In 80 m,TableViewCellArrowKeepLeft,4,1469106687432.349854,GUINavigator
NEXT_DIRECTION,52.395242,13.059179,0.000000,-1.000000,5.000000,1469106688386.229004,-1.000000,"Cycle Way",In 60 m,TableViewCellArrowKeepLeft,4,1469106688512.949951,GUINavigator
NEXT_DIRECTION,52.395163,13.059248,0.000000,-1.000000,5.000000,1469106689422.010010,-1.000000,"Cycle Way",In 50 m,TableViewCellArrowKeepLeft,4,1469106689497.033203,GUINavigator
NEXT_DIRECTION,52.395099,13.059241,0.000000,-1.000000,5.000000,1469106690371.865967,-1.000000,"Cycle Way",In 50 m,TableViewCellArrowKeepLeft,4,1469106690475.854004,GUINavigator
NEXT_DIRECTION,52.395069,13.059143,0.000000,-1.000000,5.000000,1469106691388.128906,-1.000000,"Cycle Way",In 40 m,TableViewCellArrowKeepLeft,4,1469106691452.907959,GUINavigator
NEXT_DIRECTION,52.395066,13.059059,0.000000,-1.000000,5.000000,1469106692382.785156,-1.000000,"Cycle Way",In 40 m,TableViewCellArrowKeepLeft,4,1469106692498.323975,GUINavigator
NEXT_DIRECTION,52.395008,13.059037,0.000000,-1.000000,5.000000,1469106693375.375000,-1.000000,"Cycle Way",In 40 m,TableViewCellArrowKeepLeft,4,1469106693457.159912,GUINavigator
NEXT_DIRECTION,52.394950,13.058981,0.000000,-1.000000,5.000000,1469106694395.451904,-1.000000,"Cycle Way",In 30 m,TableViewCellArrowKeepLeft,4,1469106694505.152832,GUINavigator
DIRECTION_SINGLE_PREPARE,52.394950,13.058981,0.000000,-1.000000,5.000000,1469106694395.451904,-1.000000,"Cycle Way",In 30 m,TableViewCellArrowKeepLeft,4,1469106694574.796875,GUINavigator
NEXT_DIRECTION,52.394921,13.058919,0.000000,-1.000000,5.000000,1469106695378.697754,-1.000000,"Cycle Way",In 30 m,TableViewCellArrowKeepLeft,4,1469106695460.413818,GUINavigator
NEXT_DIRECTION,52.394875,13.058888,0.000000,-1.000000,5.000000,1469106696374.377930,-1.000000,"Cycle Way",In 30 m,TableViewCellArrowKeepLeft,4,1469106696484.921875,GUINavigator
NEXT_DIRECTION,52.394829,13.058859,0.000000,-1.000000,5.000000,1469106697401.146973,-1.000000,"Cycle Way",In 20 m,TableViewCellArrowKeepLeft,4,1469106697470.664062,GUINavigator
NEXT_DIRECTION,52.394767,13.058828,0.000000,-1.000000,5.000000,1469106698380.741211,-1.000000,"Cycle Way",In 10 m,TableViewCellArrowKeepLeft,4,1469106698488.418213,GUINavigator
DIRECTION_SINGLE_PREPARE,52.394767,13.058828,0.000000,-1.000000,5.000000,1469106698380.741211,-1.000000,"Cycle Way",In 10 m,TableViewCellArrowKeepLeft,4,1469106698549.382080,GUINavigator
NEXT_DIRECTION,52.394722,13.058807,0.000000,-1.000000,5.000000,1469106699397.101807,-1.000000,"Cycle Way",In 10 m,TableViewCellArrowKeepLeft,4,1469106699483.790771,GUINavigator
NEXT_DIRECTION,52.394665,13.058815,0.000000,-1.000000,5.000000,1469106700367.604980,-1.000000,"Cycle Way",Now,TableViewCellArrowKeepLeft,4,1469106700467.706055,GUINavigator
NEXT_DIRECTION,52.394308,13.059371,0.000000,-1.000000,5.000000,1469106707385.263916,-1.000000,"Humboldtstraße",In 100 m,TableViewCellArrowTurnRight,8,1469106707454.236084,GUINavigator
NEXT_DIRECTION,52.394267,13.059452,0.000000,-1.000000,5.000000,1469106708381.184082,-1.000000,"Humboldtstraße",In 100 m,TableViewCellArrowTurnRight,8,1469106708491.337158,GUINavigator
NEXT_DIRECTION,52.394233,13.059532,0.000000,-1.000000,5.000000,1469106709401.500000,-1.000000,"Humboldtstraße",In 100 m,TableViewCellArrowTurnRight,8,1469106709478.739014,GUINavigator
NEXT_DIRECTION,52.394196,13.059623,0.000000,-1.000000,5.000000,1469106710375.664062,-1.000000,"Humboldtstraße",In 90 m,TableViewCellArrowTurnRight,8,1469106710480.692871,GUINavigator
NEXT_DIRECTION,52.394162,13.059716,0.000000,-1.000000,5.000000,1469106711410.871094,-1.000000,"Humboldtstraße",In 90 m,TableViewCellArrowTurnRight,8,1469106711482.380859,GUINavigator
NEXT_DIRECTION,52.394131,13.059842,0.000000,-1.000000,5.000000,1469106712372.955078,-1.000000,"Humboldtstraße",In 80 m,TableViewCellArrowTurnRight,8,1469106712477.284912,GUINavigator
NEXT_DIRECTION,52.394115,13.059972,0.000000,-1.000000,5.000000,1469106713384.315918,-1.000000,"Humboldtstraße",In 70 m,TableViewCellArrowTurnRight,8,1469106713458.169922,GUINavigator
NEXT_DIRECTION,52.394138,13.060085,0.000000,-1.000000,5.000000,1469106714378.614014,-1.000000,"Humboldtstraße",In 60 m,TableViewCellArrowTurnRight,8,1469106714485.966064,GUINavigator
NEXT_DIRECTION,52.394139,13.060163,0.000000,-1.000000,5.000000,1469106715373.110107,-1.000000,"Humboldtstraße",In 60 m,TableViewCellArrowTurnRight,8,1469106715452.386963,GUINavigator
NEXT_DIRECTION,52.394133,13.060240,0.000000,-1.000000,5.000000,1469106716388.778809,-1.000000,"Humboldtstraße",In 50 m,TableViewCellArrowTurnRight,8,1469106716502.656982,GUINavigator
NEXT_DIRECTION,52.394126,13.060342,0.000000,-1.000000,5.000000,1469106717372.025879,-1.000000,"Humboldtstraße",In 50 m,TableViewCellArrowTurnRight,8,1469106717440.238037,GUINavigator
NEXT_DIRECTION,52.394111,13.060440,0.000000,-1.000000,5.000000,1469106718404.549072,-1.000000,"Humboldtstraße",In 40 m,TableViewCellArrowTurnRight,8,1469106718501.971924,GUINavigator
NEXT_DIRECTION,52.394099,13.060532,0.000000,-1.000000,5.000000,1469106719383.041016,-1.000000,"Humboldtstraße",In 30 m,TableViewCellArrowTurnRight,8,1469106719457.250977,GUINavigator
DIRECTION_SINGLE_PREPARE,52.394099,13.060532,0.000000,-1.000000,5.000000,1469106719383.041016,-1.000000,"Humboldtstraße",In 30 m,TableViewCellArrowTurnRight,8,1469106719535.575928,GUINavigator
NEXT_DIRECTION,52.394079,13.060627,0.000000,-1.000000,5.000000,1469106720376.020996,-1.000000,"Humboldtstraße",In 30 m,TableViewCellArrowTurnRight,8,1469106720495.104004,GUINavigator
DIRECTION_SINGLE_PREPARE,52.394046,13.060747,0.000000,-1.000000,5.000000,1469106721389.740967,-1.000000,"Cycle Way",In 20 m,TableViewCellArrowTurnLeft,5,1469106721527.308105,GUINavigator
NEXT_DIRECTION,52.394017,13.060827,0.000000,-1.000000,5.000000,1469106722492.157959,-1.000000,"Cycle Way",In 10 m,TableViewCellArrowTurnLeft,5,1469106722602.129883,GUINavigator
NEXT_DIRECTION,52.393972,13.060911,0.000000,-1.000000,5.000000,1469106723379.705811,-1.000000,"Cycle Way",In 10 m,TableViewCellArrowTurnLeft,5,1469106723460.884033,GUINavigator
NEXT_DIRECTION,52.393919,13.060978,0.000000,-1.000000,5.000000,1469106724389.450928,-1.000000,"Cycle Way",In 10 m,TableViewCellArrowTurnLeft,5,1469106724494.237793,GUINavigator
NEXT_DIRECTION,52.393688,13.061277,0.000000,-1.000000,5.000000,1469106729410.406982,-1.000000,"Cycle Way",In 360 m,TableViewCellArrowTurnRight,8,1469106729484.281982,GUINavigator
NEXT_DIRECTION,52.393644,13.061318,0.000000,-1.000000,5.000000,1469106730377.322998,-1.000000,"Cycle Way",In 350 m,TableViewCellArrowTurnRight,8,1469106730482.510010,GUINavigator
NEXT_DIRECTION,52.393601,13.061387,0.000000,-1.000000,5.000000,1469106731392.684082,-1.000000,"Cycle Way",In 340 m,TableViewCellArrowTurnRight,8,1469106731468.347168,GUINavigator
NEXT_DIRECTION,52.393552,13.061431,0.000000,-1.000000,5.000000,1469106732377.312012,-1.000000,"Cycle Way",In 340 m,TableViewCellArrowTurnRight,8,1469106732482.139160,GUINavigator
NEXT_DIRECTION,52.393508,13.061465,0.000000,-1.000000,5.000000,1469106733379.029053,-1.000000,"Cycle Way",In 330 m,TableViewCellArrowTurnRight,8,1469106733461.779053,GUINavigator
NEXT_DIRECTION,52.393473,13.061521,0.000000,-1.000000,5.000000,1469106734376.301025,-1.000000,"Cycle Way",In 330 m,TableViewCellArrowTurnRight,8,1469106734492.312988,GUINavigator
NEXT_DIRECTION,52.393430,13.061561,0.000000,-1.000000,5.000000,1469106735374.695068,-1.000000,"Cycle Way",In 320 m,TableViewCellArrowTurnRight,8,1469106735458.006836,GUINavigator
NEXT_DIRECTION,52.393382,13.061628,0.000000,-1.000000,5.000000,1469106736390.011963,-1.000000,"Cycle Way",In 320 m,TableViewCellArrowTurnRight,8,1469106736508.892090,GUINavigator
NEXT_DIRECTION,52.393352,13.061701,0.000000,-1.000000,5.000000,1469106737380.405029,-1.000000,"Cycle Way",In 310 m,TableViewCellArrowTurnRight,8,1469106737460.362061,GUINavigator
NEXT_DIRECTION,52.393319,13.061767,0.000000,-1.000000,5.000000,1469106738375.395996,-1.000000,"Cycle Way",In 300 m,TableViewCellArrowTurnRight,8,1469106738482.637939,GUINavigator
NEXT_DIRECTION,52.393273,13.061824,0.000000,-1.000000,5.000000,1469106739379.812012,-1.000000,"Cycle Way",In 300 m,TableViewCellArrowTurnRight,8,1469106739458.160889,GUINavigator
NEXT_DIRECTION,52.393229,13.061888,0.000000,-1.000000,5.000000,1469106740371.992188,-1.000000,"Cycle Way",In 290 m,TableViewCellArrowTurnRight,8,1469106740490.433838,GUINavigator
NEXT_DIRECTION,52.393184,13.061926,0.000000,-1.000000,5.000000,1469106741378.747070,-1.000000,"Cycle Way",In 290 m,TableViewCellArrowTurnRight,8,1469106741454.714111,GUINavigator
NEXT_DIRECTION,52.393133,13.061978,0.000000,-1.000000,5.000000,1469106742379.519043,-1.000000,"Cycle Way",In 280 m,TableViewCellArrowTurnRight,8,1469106742485.906982,GUINavigator
NEXT_DIRECTION,52.393079,13.062069,0.000000,-1.000000,5.000000,1469106743376.501953,-1.000000,"Cycle Way",In 270 m,TableViewCellArrowTurnRight,8,1469106743446.109131,GUINavigator
NEXT_DIRECTION,52.393027,13.062157,0.000000,-1.000000,5.000000,1469106744382.435059,-1.000000,"Cycle Way",In 260 m,TableViewCellArrowTurnRight,8,1469106744493.968994,GUINavigator
NEXT_DIRECTION,52.392978,13.062241,0.000000,-1.000000,5.000000,1469106745377.965820,-1.000000,"Cycle Way",In 260 m,TableViewCellArrowTurnRight,8,1469106745454.031006,GUINavigator
NEXT_DIRECTION,52.392923,13.062317,0.000000,-1.000000,5.000000,1469106746385.705078,-1.000000,"Cycle Way",In 250 m,TableViewCellArrowTurnRight,8,1469106746500.131104,GUINavigator
NEXT_DIRECTION,52.392868,13.062385,0.000000,-1.000000,5.000000,1469106747385.148926,-1.000000,"Cycle Way",In 240 m,TableViewCellArrowTurnRight,8,1469106747457.292969,GUINavigator
NEXT_DIRECTION,52.392814,13.062458,0.000000,-1.000000,5.000000,1469106748384.812988,-1.000000,"Cycle Way",In 230 m,TableViewCellArrowTurnRight,8,1469106748486.809082,GUINavigator
NEXT_DIRECTION,52.392759,13.062535,0.000000,-1.000000,5.000000,1469106749379.715820,-1.000000,"Cycle Way",In 220 m,TableViewCellArrowTurnRight,8,1469106749439.364990,GUINavigator
NEXT_DIRECTION,52.392707,13.062609,0.000000,-1.000000,5.000000,1469106750378.948975,-1.000000,"Cycle Way",In 220 m,TableViewCellArrowTurnRight,8,1469106750495.750000,GUINavigator
NEXT_DIRECTION,52.392656,13.062678,0.000000,-1.000000,5.000000,1469106751371.767090,-1.000000,"Cycle Way",In 210 m,TableViewCellArrowTurnRight,8,1469106751440.489014,GUINavigator
NEXT_DIRECTION,52.392602,13.062756,0.000000,-1.000000,5.000000,1469106752374.840088,-1.000000,"Cycle Way",In 200 m,TableViewCellArrowTurnRight,8,1469106752479.597168,GUINavigator
NEXT_DIRECTION,52.392540,13.062866,0.000000,-1.000000,5.000000,1469106753371.924805,-1.000000,"Cycle Way",In 190 m,TableViewCellArrowTurnRight,8,1469106753500.270996,GUINavigator
NEXT_DIRECTION,52.392506,13.062919,0.000000,-1.000000,5.000000,1469106754376.116943,-1.000000,"Cycle Way",In 190 m,TableViewCellArrowTurnRight,8,1469106754452.479980,GUINavigator
NEXT_DIRECTION,52.392468,13.062963,0.000000,-1.000000,5.000000,1469106755376.937988,-1.000000,"Cycle Way",In 180 m,TableViewCellArrowTurnRight,8,1469106755492.043945,GUINavigator
NEXT_DIRECTION,52.392390,13.063049,0.000000,-1.000000,5.000000,1469106756376.110107,-1.000000,"Cycle Way",In 170 m,TableViewCellArrowTurnRight,8,1469106756484.104004,GUINavigator
NEXT_DIRECTION,52.392330,13.063118,0.000000,-1.000000,5.000000,1469106757370.034912,-1.000000,"Cycle Way",In 160 m,TableViewCellArrowTurnRight,8,1469106757435.979980,GUINavigator
NEXT_DIRECTION,52.392283,13.063189,0.000000,-1.000000,5.000000,1469106758378.221924,-1.000000,"Cycle Way",In 160 m,TableViewCellArrowTurnRight,8,1469106758495.859131,GUINavigator
NEXT_DIRECTION,52.392223,13.063252,0.000000,-1.000000,5.000000,1469106759392.541992,-1.000000,"Cycle Way",In 150 m,TableViewCellArrowTurnRight,8,1469106759453.659180,GUINavigator
NEXT_DIRECTION,52.392157,13.063314,0.000000,-1.000000,5.000000,1469106760373.842041,-1.000000,"Cycle Way",In 140 m,TableViewCellArrowTurnRight,8,1469106760478.726807,GUINavigator
NEXT_DIRECTION,52.392064,13.063370,0.000000,-1.000000,5.000000,1469106761376.604004,-1.000000,"Cycle Way",In 130 m,TableViewCellArrowTurnRight,8,1469106761497.603027,GUINavigator
NEXT_DIRECTION,52.392017,13.063399,0.000000,-1.000000,5.000000,1469106762378.137207,-1.000000,"Cycle Way",In 130 m,TableViewCellArrowTurnRight,8,1469106762457.137207,GUINavigator
NEXT_DIRECTION,52.391941,13.063429,0.000000,-1.000000,5.000000,1469106763389.570068,-1.000000,"Cycle Way",In 120 m,TableViewCellArrowTurnRight,8,1469106763491.986084,GUINavigator
NEXT_DIRECTION,52.391864,13.063441,0.000000,-1.000000,5.000000,1469106764380.964111,-1.000000,"Cycle Way",In 110 m,TableViewCellArrowTurnRight,8,1469106764447.063965,GUINavigator
NEXT_DIRECTION,52.391794,13.063454,0.000000,-1.000000,5.000000,1469106765377.725098,-1.000000,"Cycle Way",In 100 m,TableViewCellArrowTurnRight,8,1469106765486.820068,GUINavigator
NEXT_DIRECTION,52.391711,13.063486,0.000000,-1.000000,5.000000,1469106766378.078857,-1.000000,"Cycle Way",In 100 m,TableViewCellArrowTurnRight,8,1469106766445.956055,GUINavigator
NEXT_DIRECTION,52.391644,13.063490,0.000000,-1.000000,5.000000,1469106767374.726074,-1.000000,"Cycle Way",In 90 m,TableViewCellArrowTurnRight,8,1469106767490.812988,GUINavigator
NEXT_DIRECTION,52.391567,13.063512,0.000000,-1.000000,5.000000,1469106768393.677979,-1.000000,"Cycle Way",In 80 m,TableViewCellArrowTurnRight,8,1469106768471.212891,GUINavigator
NEXT_DIRECTION,52.391482,13.063531,0.000000,-1.000000,5.000000,1469106769378.209229,-1.000000,"Cycle Way",In 70 m,TableViewCellArrowTurnRight,8,1469106769497.456055,GUINavigator
NEXT_DIRECTION,52.391390,13.063547,0.000000,-1.000000,5.000000,1469106770375.602051,-1.000000,"Cycle Way",In 60 m,TableViewCellArrowTurnRight,8,1469106770503.190918,GUINavigator
NEXT_DIRECTION,52.391344,13.063564,0.000000,-1.000000,5.000000,1469106771377.726074,-1.000000,"Cycle Way",In 60 m,TableViewCellArrowTurnRight,8,1469106771462.012939,GUINavigator
NEXT_DIRECTION,52.391295,13.063578,0.000000,-1.000000,5.000000,1469106772388.962891,-1.000000,"Cycle Way",In 50 m,TableViewCellArrowTurnRight,8,1469106772497.344971,GUINavigator
NEXT_DIRECTION,52.391247,13.063594,0.000000,-1.000000,5.000000,1469106773378.340088,-1.000000,"Cycle Way",In 40 m,TableViewCellArrowTurnRight,8,1469106773455.447021,GUINavigator
NEXT_DIRECTION,52.391199,13.063606,0.000000,-1.000000,5.000000,1469106774375.390137,-1.000000,"Cycle Way",In 40 m,TableViewCellArrowTurnRight,8,1469106774497.486084,GUINavigator
NEXT_DIRECTION,52.391153,13.063618,0.000000,-1.000000,5.000000,1469106775374.186035,-1.000000,"Cycle Way",In 30 m,TableViewCellArrowTurnRight,8,1469106775454.767090,GUINavigator
DIRECTION_SINGLE_PREPARE,52.391153,13.063618,0.000000,-1.000000,5.000000,1469106775374.186035,-1.000000,"Cycle Way",In 30 m,TableViewCellArrowTurnRight,8,1469106775514.593994,GUINavigator
NEXT_DIRECTION,52.391107,13.063636,0.000000,-1.000000,5.000000,1469106776418.114014,-1.000000,"Cycle Way",In 30 m,TableViewCellArrowTurnRight,8,1469106776519.495850,GUINavigator
NEXT_DIRECTION,52.391064,13.063659,0.000000,-1.000000,5.000000,1469106777384.519043,-1.000000,"Cycle Way",In 20 m,TableViewCellArrowTurnRight,8,1469106777449.467041,GUINavigator
NEXT_DIRECTION,52.391018,13.063684,0.000000,-1.000000,5.000000,1469106778379.884033,-1.000000,"Cycle Way",In 20 m,TableViewCellArrowTurnRight,8,1469106778502.625000,GUINavigator
NEXT_DIRECTION,52.390977,13.063715,0.000000,-1.000000,5.000000,1469106779421.940186,-1.000000,"Cycle Way",In 10 m,TableViewCellArrowTurnRight,8,1469106779491.540039,GUINavigator
DIRECTION_SINGLE_PREPARE,52.390977,13.063715,0.000000,-1.000000,5.000000,1469106779421.940186,-1.000000,"Cycle Way",In 10 m,TableViewCellArrowTurnRight,8,1469106779573.053955,GUINavigator
NEXT_DIRECTION,52.390881,13.063781,0.000000,-1.000000,5.000000,1469106780383.825928,-1.000000,"Cycle Way",Now,TableViewCellArrowTurnRight,8,1469106780489.510010,GUINavigator
NEXT_DIRECTION,52.390615,13.063508,0.000000,-1.000000,5.000000,1469106786385.833008,-1.000000,"Leipziger Straße",In 120 m,TableViewCellArrowKeepStraight,1,1469106786477.572021,GUINavigator
NEXT_DIRECTION,52.390593,13.063402,0.000000,-1.000000,5.000000,1469106787383.396240,-1.000000,"Leipziger Straße",In 110 m,TableViewCellArrowKeepStraight,1,1469106787454.071045,GUINavigator
NEXT_DIRECTION,52.390579,13.063279,0.000000,-1.000000,5.000000,1469106788375.624023,-1.000000,"Leipziger Straße",In 100 m,TableViewCellArrowKeepStraight,1,1469106788476.455078,GUINavigator
NEXT_DIRECTION,52.390568,13.063180,0.000000,-1.000000,5.000000,1469106789391.360107,-1.000000,"Leipziger Straße",In 100 m,TableViewCellArrowKeepStraight,1,1469106789459.374023,GUINavigator
NEXT_DIRECTION,52.390560,13.063070,0.000000,-1.000000,5.000000,1469106790389.756836,-1.000000,"Leipziger Straße",In 90 m,TableViewCellArrowKeepStraight,1,1469106790513.444824,GUINavigator
NEXT_DIRECTION,52.390547,13.062957,0.000000,-1.000000,5.000000,1469106791382.880859,-1.000000,"Leipziger Straße",In 80 m,TableViewCellArrowKeepStraight,1,1469106791453.697021,GUINavigator
NEXT_DIRECTION,52.390531,13.062844,0.000000,-1.000000,5.000000,1469106792378.529053,-1.000000,"Leipziger Straße",In 70 m,TableViewCellArrowKeepStraight,1,1469106792495.708008,GUINavigator
NEXT_DIRECTION,52.390511,13.062731,0.000000,-1.000000,5.000000,1469106793375.720947,-1.000000,"Leipziger Straße",In 70 m,TableViewCellArrowKeepStraight,1,1469106793452.409912,GUINavigator
NEXT_DIRECTION,52.390484,13.062618,0.000000,-1.000000,5.000000,1469106794379.644775,-1.000000,"Leipziger Straße",In 60 m,TableViewCellArrowKeepStraight,1,1469106794490.098877,GUINavigator
NEXT_DIRECTION,52.390461,13.062491,0.000000,-1.000000,5.000000,1469106795380.508057,-1.000000,"Leipziger Straße",In 50 m,TableViewCellArrowKeepStraight,1,1469106795448.766113,GUINavigator
NEXT_DIRECTION,52.390433,13.062375,0.000000,-1.000000,5.000000,1469106796376.367188,-1.000000,"Leipziger Straße",In 40 m,TableViewCellArrowKeepStraight,1,1469106796485.594971,GUINavigator
NEXT_DIRECTION,52.390410,13.062257,0.000000,-1.000000,5.000000,1469106797374.085938,-1.000000,"Leipziger Straße",In 30 m,TableViewCellArrowKeepStraight,1,1469106797432.856934,GUINavigator
DIRECTION_SINGLE_PREPARE,52.390410,13.062257,0.000000,-1.000000,5.000000,1469106797374.085938,-1.000000,"Leipziger Straße",In 30 m,TableViewCellArrowKeepStraight,1,1469106797488.038086,GUINavigator
NEXT_DIRECTION,52.390371,13.062137,0.000000,-1.000000,5.000000,1469106798402.319824,-1.000000,"Leipziger Straße",In 20 m,TableViewCellArrowKeepStraight,1,1469106798504.541016,GUINavigator
NEXT_DIRECTION,52.390328,13.062029,0.000000,-1.000000,5.000000,1469106799378.536865,-1.000000,"Leipziger Straße",In 10 m,TableViewCellArrowKeepStraight,1,1469106799450.621094,GUINavigator
DIRECTION_SINGLE_PREPARE,52.390328,13.062029,0.000000,-1.000000,5.000000,1469106799378.536865,-1.000000,"Leipziger Straße",In 10 m,TableViewCellArrowKeepStraight,1,1469106799540.641113,GUINavigator
NEXT_DIRECTION,52.390288,13.061929,0.000000,-1.000000,5.000000,1469106800455.281982,-1.000000,"Leipziger Straße",In 10 m,TableViewCellArrowKeepStraight,1,1469106800559.793945,GUINavigator
NEXT_DIRECTION,52.390073,13.061363,0.000000,-1.000000,5.000000,1469106805386.064941,-1.000000,"Street",In 260 m,TableViewCellArrowTurnRight,8,1469106805443.481934,GUINavigator
NEXT_DIRECTION,52.390024,13.061248,0.000000,-1.000000,5.000000,1469106806377.170166,-1.000000,"Street",In 250 m,TableViewCellArrowTurnRight,8,1469106806490.706055,GUINavigator
NEXT_DIRECTION,52.389977,13.061134,0.000000,-1.000000,5.000000,1469106807390.521973,-1.000000,"Street",In 250 m,TableViewCellArrowTurnRight,8,1469106807464.389160,GUINavigator
NEXT_DIRECTION,52.389942,13.061030,0.000000,-1.000000,5.000000,1469106808379.745117,-1.000000,"Street",In 240 m,TableViewCellArrowTurnRight,8,1469106808486.422119,GUINavigator
NEXT_DIRECTION,52.389905,13.060930,0.000000,-1.000000,5.000000,1469106809376.230957,-1.000000,"Street",In 230 m,TableViewCellArrowTurnRight,8,1469106809463.485840,GUINavigator
NEXT_DIRECTION,52.389865,13.060828,0.000000,-1.000000,5.000000,1469106810384.525146,-1.000000,"Street",In 220 m,TableViewCellArrowTurnRight,8,1469106810495.033936,GUINavigator
NEXT_DIRECTION,52.389823,13.060736,0.000000,-1.000000,5.000000,1469106811379.382080,-1.000000,"Street",In 210 m,TableViewCellArrowTurnRight,8,1469106811449.808105,GUINavigator
NEXT_DIRECTION,52.389783,13.060653,0.000000,-1.000000,5.000000,1469106812379.297852,-1.000000,"Street",In 210 m,TableViewCellArrowTurnRight,8,1469106812496.719971,GUINavigator
NEXT_DIRECTION,52.389740,13.060571,0.000000,-1.000000,5.000000,1469106813373.804199,-1.000000,"Street",In 200 m,TableViewCellArrowTurnRight,8,1469106813454.843994,GUINavigator
NEXT_DIRECTION,52.389700,13.060489,0.000000,-1.000000,5.000000,1469106814392.376953,-1.000000,"Street",In 190 m,TableViewCellArrowTurnRight,8,1469106814503.206055,GUINavigator
NEXT_DIRECTION,52.389654,13.060410,0.000000,-1.000000,5.000000,1469106815379.206055,-1.000000,"Street",In 190 m,TableViewCellArrowTurnRight,8,1469106815460.725098,GUINavigator
NEXT_DIRECTION,52.389608,13.060336,0.000000,-1.000000,5.000000,1469106816379.002197,-1.000000,"Street",In 180 m,TableViewCellArrowTurnRight,8,1469106816493.623047,GUINavigator
NEXT_DIRECTION,52.389569,13.060262,0.000000,-1.000000,5.000000,1469106817411.233887,-1.000000,"Street",In 170 m,TableViewCellArrowTurnRight,8,1469106817488.995117,GUINavigator
NEXT_DIRECTION,52.389519,13.060191,0.000000,-1.000000,5.000000,1469106818377.862061,-1.000000,"Street",In 170 m,TableViewCellArrowTurnRight,8,1469106818509.689941,GUINavigator
NEXT_DIRECTION,52.389468,13.060127,0.000000,-1.000000,5.000000,1469106819402.863037,-1.000000,"Street",In 160 m,TableViewCellArrowTurnRight,8,1469106819471.724121,GUINavigator
NEXT_DIRECTION,52.389409,13.060071,0.000000,-1.000000,5.000000,1469106820381.207031,-1.000000,"Street",In 150 m,TableViewCellArrowTurnRight,8,1469106820492.326904,GUINavigator
NEXT_DIRECTION,52.389357,13.060018,0.000000,-1.000000,5.000000,1469106821396.278809,-1.000000,"Street",In 150 m,TableViewCellArrowTurnRight,8,1469106821465.742188,GUINavigator
NEXT_DIRECTION,52.389308,13.059971,0.000000,-1.000000,5.000000,1469106822380.213867,-1.000000,"Street",In 140 m,TableViewCellArrowTurnRight,8,1469106822511.785889,GUINavigator
NEXT_DIRECTION,52.389261,13.059919,0.000000,-1.000000,5.000000,1469106823381.906006,-1.000000,"Street",In 130 m,TableViewCellArrowTurnRight,8,1469106823450.645996,GUINavigator
NEXT_DIRECTION,52.389213,13.059875,0.000000,-1.000000,5.000000,1469106824389.244141,-1.000000,"Street",In 130 m,TableViewCellArrowTurnRight,8,1469106824501.456055,GUINavigator
NEXT_DIRECTION,52.389161,13.059837,0.000000,-1.000000,5.000000,1469106825378.872803,-1.000000,"Street",In 120 m,TableViewCellArrowTurnRight,8,1469106825492.182129,GUINavigator
NEXT_DIRECTION,52.389112,13.059798,0.000000,-1.000000,5.000000,1469106826394.489990,-1.000000,"Street",In 120 m,TableViewCellArrowTurnRight,8,1469106826513.885010,GUINavigator
NEXT_DIRECTION,52.389031,13.059742,0.000000,-1.000000,5.000000,1469106827388.368164,-1.000000,"Street",In 110 m,TableViewCellArrowTurnRight,8,1469106827461.580078,GUINavigator
NEXT_DIRECTION,52.388985,13.059709,0.000000,-1.000000,5.000000,1469106828376.836182,-1.000000,"Street",In 100 m,TableViewCellArrowTurnRight,8,1469106828474.128906,GUINavigator
NEXT_DIRECTION,52.388943,13.059679,0.000000,-1.000000,5.000000,1469106829400.517090,-1.000000,"Street",In 100 m,TableViewCellArrowTurnRight,8,1469106829475.110107,GUINavigator
NEXT_DIRECTION,52.388893,13.059655,0.000000,-1.000000,5.000000,1469106830382.736084,-1.000000,"Street",In 90 m,TableViewCellArrowTurnRight,8,1469106830487.895020,GUINavigator
NEXT_DIRECTION,52.388838,13.059617,0.000000,-1.000000,5.000000,1469106831378.953857,-1.000000,"Street",In 80 m,TableViewCellArrowTurnRight,8,1469106831456.466064,GUINavigator
NEXT_DIRECTION,52.388778,13.059602,0.000000,-1.000000,5.000000,1469106832381.200928,-1.000000,"Street",In 80 m,TableViewCellArrowTurnRight,8,1469106832499.775879,GUINavigator
NEXT_DIRECTION,52.388696,13.059629,0.000000,-1.000000,5.000000,1469106833381.095947,-1.000000,"Street",In 70 m,TableViewCellArrowTurnRight,8,1469106833455.451904,GUINavigator
NEXT_DIRECTION,52.388612,13.059621,0.000000,-1.000000,5.000000,1469106834383.513916,-1.000000,"Street",In 60 m,TableViewCellArrowTurnRight,8,1469106834490.874023,GUINavigator
NEXT_DIRECTION,52.388523,13.059591,0.000000,-1.000000,5.000000,1469106835386.914062,-1.000000,"Street",In 50 m,TableViewCellArrowTurnRight,8,1469106835523.595947,GUINavigator
NEXT_DIRECTION,52.388442,13.059537,0.000000,-1.000000,5.000000,1469106836383.768066,-1.000000,"Street",In 40 m,TableViewCellArrowTurnRight,8,1469106836457.960205,GUINavigator
NEXT_DIRECTION,52.388371,13.059495,0.000000,-1.000000,5.000000,1469106837401.856934,-1.000000,"Street",In 30 m,TableViewCellArrowTurnRight,8,1469106837508.468994,GUINavigator
DIRECTION_SINGLE_PREPARE,52.388371,13.059495,0.000000,-1.000000,5.000000,1469106837401.856934,-1.000000,"Street",In 30 m,TableViewCellArrowTurnRight,8,1469106837572.013916,GUINavigator
NEXT_DIRECTION,52.388307,13.059458,0.000000,-1.000000,5.000000,1469106838391.670898,-1.000000,"Street",In 20 m,TableViewCellArrowTurnRight,8,1469106838471.175049,GUINavigator
NEXT_DIRECTION,52.388240,13.059491,0.000000,-1.000000,5.000000,1469106839387.840088,-1.000000,"Street",In 20 m,TableViewCellArrowTurnRight,8,1469106839492.196045,GUINavigator
NEXT_DIRECTION,52.388175,13.059444,0.000000,-1.000000,5.000000,1469106840381.083984,-1.000000,"Street",In 10 m,TableViewCellArrowTurnRight,8,1469106840444.653076,GUINavigator
DIRECTION_SINGLE_PREPARE,52.388175,13.059444,0.000000,-1.000000,5.000000,1469106840381.083984,-1.000000,"Street",In 10 m,TableViewCellArrowTurnRight,8,1469106840529.158203,GUINavigator
NEXT_DIRECTION,52.388144,13.059382,0.000000,-1.000000,5.000000,1469106841416.462891,-1.000000,"Street",In 10 m,TableViewCellArrowTurnRight,8,1469106841531.687012,GUINavigator